case,resolution,element_id,centroid_x,centroid_y,centroid_z,sfc_von_mises,analytic_von_mises,von_mises_abs_error,sfc_engineering_strain_norm,analytic_engineering_strain_norm,engineering_strain_norm_abs_error,stress_l2_error,strain_l2_error,status,details
analytic_uniaxial_stress_strain_patch_cloud,1,0,0.25,0.25,0.25,160.0,160.0,0.0,0.001,0.001,0.0,0.0,0.0,ok,element stress/strain cloud for affine analytic TET4 patch
analytic_uniaxial_stress_strain_patch_cloud,1,1,0.75,0.75,0.25,160.0,160.0,0.0,0.001,0.001,0.0,0.0,0.0,ok,element stress/strain cloud for affine analytic TET4 patch
analytic_uniaxial_stress_strain_patch_cloud,1,2,0.5,0.5,0.5,160.0,160.0,0.0,0.001,0.001,0.0,0.0,0.0,ok,element stress/strain cloud for affine analytic TET4 patch
analytic_uniaxial_stress_strain_patch_cloud,1,3,0.25,0.75,0.75,160.0,160.0,0.0,0.001,0.001,0.0,0.0,0.0,ok,element stress/strain cloud for affine analytic TET4 patch
analytic_uniaxial_stress_strain_patch_cloud,1,4,0.75,0.25,0.75,160.0,160.0,0.0,0.001,0.001,0.0,0.0,0.0,ok,element stress/strain cloud for affine analytic TET4 patch
analytic_uniaxial_stress_strain_patch_cloud,2,0,0.125,0.125,0.125,160.0,160.0,0.0,0.001,0.001,0.0,0.0,0.0,ok,element stress/strain cloud for affine analytic TET4 patch
analytic_uniaxial_stress_strain_patch_cloud,2,1,0.375,0.375,0.125,160.0,160.0,0.0,0.001,0.001,0.0,0.0,0.0,ok,element stress/strain cloud for affine analytic TET4 patch
analytic_uniaxial_stress_strain_patch_cloud,2,2,0.25,0.25,0.25,160.0,160.0,0.0,0.001,0.001,0.0,0.0,0.0,ok,element stress/strain cloud for affine analytic TET4 patch
analytic_uniaxial_stress_strain_patch_cloud,2,3,0.125,0.375,0.375,160.0,160.0,0.0,0.001,0.001,0.0,0.0,0.0,ok,element stress/strain cloud for affine analytic TET4 patch
analytic_uniaxial_stress_strain_patch_cloud,2,4,0.375,0.125,0.375,160.0,160.0,0.0,0.001,0.001,0.0,0.0,0.0,ok,element stress/strain cloud for affine analytic TET4 patch
analytic_uniaxial_stress_strain_patch_cloud,2,5,0.625,0.125,0.125,160.0,160.0,0.0,0.001,0.001,0.0,0.0,0.0,ok,element stress/strain cloud for affine analytic TET4 patch
analytic_uniaxial_stress_strain_patch_cloud,2,6,0.875,0.375,0.125,160.0,160.0,0.0,0.001,0.001,0.0,0.0,0.0,ok,element stress/strain cloud for affine analytic TET4 patch
analytic_uniaxial_stress_strain_patch_cloud,2,7,0.75,0.25,0.25,160.0,160.0,0.0,0.001,0.001,0.0,0.0,0.0,ok,element stress/strain cloud for affine analytic TET4 patch
analytic_uniaxial_stress_strain_patch_cloud,2,8,0.625,0.375,0.375,160.0,160.0,0.0,0.001,0.001,0.0,0.0,0.0,ok,element stress/strain cloud for affine analytic TET4 patch
analytic_uniaxial_stress_strain_patch_cloud,2,9,0.875,0.125,0.375,160.0,160.0,0.0,0.001,0.001,0.0,0.0,0.0,ok,element stress/strain cloud for affine analytic TET4 patch
analytic_uniaxial_stress_strain_patch_cloud,2,10,0.125,0.625,0.125,160.0,160.0,0.0,0.001,0.001,0.0,0.0,0.0,ok,element stress/strain cloud for affine analytic TET4 patch
analytic_uniaxial_stress_strain_patch_cloud,2,11,0.375,0.875,0.125,160.0,160.0,0.0,0.001,0.001,0.0,0.0,0.0,ok,element stress/strain cloud for affine analytic TET4 patch
analytic_uniaxial_stress_strain_patch_cloud,2,12,0.25,0.75,0.25,160.0,160.0,0.0,0.001,0.001,0.0,0.0,0.0,ok,element stress/strain cloud for affine analytic TET4 patch
analytic_uniaxial_stress_strain_patch_cloud,2,13,0.125,0.875,0.375,160.0,160.0,0.0,0.001,0.001,0.0,0.0,0.0,ok,element stress/strain cloud for affine analytic TET4 patch
analytic_uniaxial_stress_strain_patch_cloud,2,14,0.375,0.625,0.375,160.0,160.0,0.0,0.001,0.001,0.0,0.0,0.0,ok,element stress/strain cloud for affine analytic TET4 patch
analytic_uniaxial_stress_strain_patch_cloud,2,15,0.625,0.625,0.125,160.0,160.0,0.0,0.001,0.001,0.0,0.0,0.0,ok,element stress/strain cloud for affine analytic TET4 patch
analytic_uniaxial_stress_strain_patch_cloud,2,16,0.875,0.875,0.125,160.0,160.0,0.0,0.001,0.001,0.0,0.0,0.0,ok,element stress/strain cloud for affine analytic TET4 patch
analytic_uniaxial_stress_strain_patch_cloud,2,17,0.75,0.75,0.25,160.0,160.0,0.0,0.001,0.001,0.0,0.0,0.0,ok,element stress/strain cloud for affine analytic TET4 patch
analytic_uniaxial_stress_strain_patch_cloud,2,18,0.625,0.875,0.375,160.0,160.0,0.0,0.001,0.001,0.0,0.0,0.0,ok,element stress/strain cloud for affine analytic TET4 patch
analytic_uniaxial_stress_strain_patch_cloud,2,19,0.875,0.625,0.375,160.0,160.0,0.0,0.001,0.001,0.0,0.0,0.0,ok,element stress/strain cloud for affine analytic TET4 patch
analytic_uniaxial_stress_strain_patch_cloud,2,20,0.125,0.125,0.625,160.0,160.0,0.0,0.001,0.001,0.0,0.0,0.0,ok,element stress/strain cloud for affine analytic TET4 patch
analytic_uniaxial_stress_strain_patch_cloud,2,21,0.375,0.375,0.625,160.0,160.0,0.0,0.001,0.001,0.0,0.0,0.0,ok,element stress/strain cloud for affine analytic TET4 patch
analytic_uniaxial_stress_strain_patch_cloud,2,22,0.25,0.25,0.75,160.0,160.0,0.0,0.001,0.001,0.0,0.0,0.0,ok,element stress/strain cloud for affine analytic TET4 patch
analytic_uniaxial_stress_strain_patch_cloud,2,23,0.125,0.375,0.875,160.0,160.0,0.0,0.001,0.001,0.0,0.0,0.0,ok,element stress/strain cloud for affine analytic TET4 patch
analytic_uniaxial_stress_strain_patch_cloud,2,24,0.375,0.125,0.875,160.0,160.0,0.0,0.001,0.001,0.0,0.0,0.0,ok,element stress/strain cloud for affine analytic TET4 patch
analytic_uniaxial_stress_strain_patch_cloud,2,25,0.625,0.125,0.625,160.0,160.0,0.0,0.001,0.001,0.0,0.0,0.0,ok,element stress/strain cloud for affine analytic TET4 patch
analytic_uniaxial_stress_strain_patch_cloud,2,26,0.875,0.375,0.625,160.0,160.0,0.0,0.001,0.001,0.0,0.0,0.0,ok,element stress/strain cloud for affine analytic TET4 patch
analytic_uniaxial_stress_strain_patch_cloud,2,27,0.75,0.25,0.75,160.0,160.0,0.0,0.001,0.001,0.0,0.0,0.0,ok,element stress/strain cloud for affine analytic TET4 patch
analytic_uniaxial_stress_strain_patch_cloud,2,28,0.625,0.375,0.875,160.0,160.0,0.0,0.001,0.001,0.0,0.0,0.0,ok,element stress/strain cloud for affine analytic TET4 patch
analytic_uniaxial_stress_strain_patch_cloud,2,29,0.875,0.125,0.875,160.0,160.0,0.0,0.001,0.001,0.0,0.0,0.0,ok,element stress/strain cloud for affine analytic TET4 patch
analytic_uniaxial_stress_strain_patch_cloud,2,30,0.125,0.625,0.625,160.0,160.0,0.0,0.001,0.001,0.0,0.0,0.0,ok,element stress/strain cloud for affine analytic TET4 patch
analytic_uniaxial_stress_strain_patch_cloud,2,31,0.375,0.875,0.625,160.0,160.0,0.0,0.001,0.001,0.0,0.0,0.0,ok,element stress/strain cloud for affine analytic TET4 patch
analytic_uniaxial_stress_strain_patch_cloud,2,32,0.25,0.75,0.75,160.0,160.0,0.0,0.001,0.001,0.0,0.0,0.0,ok,element stress/strain cloud for affine analytic TET4 patch
analytic_uniaxial_stress_strain_patch_cloud,2,33,0.125,0.875,0.875,160.0,160.0,0.0,0.001,0.001,0.0,0.0,0.0,ok,element stress/strain cloud for affine analytic TET4 patch
analytic_uniaxial_stress_strain_patch_cloud,2,34,0.375,0.625,0.875,160.0,160.0,0.0,0.001,0.001,0.0,0.0,0.0,ok,element stress/strain cloud for affine analytic TET4 patch
analytic_uniaxial_stress_strain_patch_cloud,2,35,0.625,0.625,0.625,160.0,160.0,0.0,0.001,0.001,0.0,0.0,0.0,ok,element stress/strain cloud for affine analytic TET4 patch
analytic_uniaxial_stress_strain_patch_cloud,2,36,0.875,0.875,0.625,160.0,160.0,0.0,0.001,0.001,0.0,0.0,0.0,ok,element stress/strain cloud for affine analytic TET4 patch
analytic_uniaxial_stress_strain_patch_cloud,2,37,0.75,0.75,0.75,160.0,160.0,0.0,0.001,0.001,0.0,0.0,0.0,ok,element stress/strain cloud for affine analytic TET4 patch
analytic_uniaxial_stress_strain_patch_cloud,2,38,0.625,0.875,0.875,160.0,160.0,0.0,0.001,0.001,0.0,0.0,0.0,ok,element stress/strain cloud for affine analytic TET4 patch
analytic_uniaxial_stress_strain_patch_cloud,2,39,0.875,0.625,0.875,160.0,160.0,0.0,0.001,0.001,0.0,0.0,0.0,ok,element stress/strain cloud for affine analytic TET4 patch
analytic_uniaxial_stress_strain_patch_cloud,3,0,0.08333333333333333,0.08333333333333333,0.08333333333333333,160.0,160.0,0.0,0.001,0.001,0.0,0.0,0.0,ok,element stress/strain cloud for affine analytic TET4 patch
analytic_uniaxial_stress_strain_patch_cloud,3,1,0.25,0.25,0.08333333333333333,160.0,160.0,0.0,0.001,0.001,0.0,0.0,0.0,ok,element stress/strain cloud for affine analytic TET4 patch
analytic_uniaxial_stress_strain_patch_cloud,3,2,0.16666666666666666,0.16666666666666666,0.16666666666666666,160.0,160.0,0.0,0.001,0.001,0.0,0.0,0.0,ok,element stress/strain cloud for affine analytic TET4 patch
analytic_uniaxial_stress_strain_patch_cloud,3,3,0.08333333333333333,0.25,0.25,160.0,160.0,0.0,0.001,0.001,0.0,0.0,0.0,ok,element stress/strain cloud for affine analytic TET4 patch
analytic_uniaxial_stress_strain_patch_cloud,3,4,0.25,0.08333333333333333,0.25,160.0,160.0,0.0,0.001,0.001,0.0,0.0,0.0,ok,element stress/strain cloud for affine analytic TET4 patch
analytic_uniaxial_stress_strain_patch_cloud,3,5,0.41666666666666663,0.08333333333333333,0.08333333333333333,160.0,160.0,0.0,0.001,0.001,0.0,0.0,0.0,ok,element stress/strain cloud for affine analytic TET4 patch
analytic_uniaxial_stress_strain_patch_cloud,3,6,0.5833333333333333,0.25,0.08333333333333333,160.0,160.0,0.0,0.001,0.001,0.0,0.0,0.0,ok,element stress/strain cloud for affine analytic TET4 patch
analytic_uniaxial_stress_strain_patch_cloud,3,7,0.5,0.16666666666666666,0.16666666666666666,160.0,160.0,0.0,0.001,0.001,0.0,0.0,0.0,ok,element stress/strain cloud for affine analytic TET4 patch
analytic_uniaxial_stress_strain_patch_cloud,3,8,0.41666666666666663,0.25,0.25,160.0,160.0,0.0,0.001,0.001,0.0,0.0,0.0,ok,element stress/strain cloud for affine analytic TET4 patch
analytic_uniaxial_stress_strain_patch_cloud,3,9,0.5833333333333333,0.08333333333333333,0.25,160.0,160.0,0.0,0.001,0.001,0.0,0.0,0.0,ok,element stress/strain cloud for affine analytic TET4 patch
analytic_uniaxial_stress_strain_patch_cloud,3,10,0.7499999999999999,0.08333333333333333,0.08333333333333333,160.0,160.0,0.0,0.001,0.001,0.0,0.0,0.0,ok,element stress/strain cloud for affine analytic TET4 patch
analytic_uniaxial_stress_strain_patch_cloud,3,11,0.9166666666666666,0.25,0.08333333333333333,160.0,160.0,0.0,0.001,0.001,0.0,0.0,0.0,ok,element stress/strain cloud for affine analytic TET4 patch
analytic_uniaxial_stress_strain_patch_cloud,3,12,0.8333333333333333,0.16666666666666666,0.16666666666666666,160.0,160.0,0.0,0.001,0.001,0.0,0.0,0.0,ok,element stress/strain cloud for affine analytic TET4 patch
analytic_uniaxial_stress_strain_patch_cloud,3,13,0.75,0.25,0.25,160.0,160.0,0.0,0.001,0.001,0.0,0.0,0.0,ok,element stress/strain cloud for affine analytic TET4 patch
analytic_uniaxial_stress_strain_patch_cloud,3,14,0.9166666666666666,0.08333333333333333,0.25,160.0,160.0,0.0,0.001,0.001,0.0,0.0,0.0,ok,element stress/strain cloud for affine analytic TET4 patch
analytic_uniaxial_stress_strain_patch_cloud,3,15,0.08333333333333333,0.41666666666666663,0.08333333333333333,160.0,160.0,0.0,0.001,0.001,0.0,0.0,0.0,ok,element stress/strain cloud for affine analytic TET4 patch
analytic_uniaxial_stress_strain_patch_cloud,3,16,0.25,0.5833333333333333,0.08333333333333333,160.0,160.0,0.0,0.001,0.001,0.0,0.0,0.0,ok,element stress/strain cloud for affine analytic TET4 patch
analytic_uniaxial_stress_strain_patch_cloud,3,17,0.16666666666666666,0.5,0.16666666666666666,160.0,160.0,0.0,0.001,0.001,0.0,0.0,0.0,ok,element stress/strain cloud for affine analytic TET4 patch
analytic_uniaxial_stress_strain_patch_cloud,3,18,0.08333333333333333,0.5833333333333333,0.25,160.0,160.0,0.0,0.001,0.001,0.0,0.0,0.0,ok,element stress/strain cloud for affine analytic TET4 patch
analytic_uniaxial_stress_strain_patch_cloud,3,19,0.25,0.41666666666666663,0.25,160.0,160.0,0.0,0.001,0.001,0.0,0.0,0.0,ok,element stress/strain cloud for affine analytic TET4 patch
analytic_uniaxial_stress_strain_patch_cloud,3,20,0.41666666666666663,0.41666666666666663,0.08333333333333333,160.0,160.0,0.0,0.001,0.001,0.0,0.0,0.0,ok,element stress/strain cloud for affine analytic TET4 patch
analytic_uniaxial_stress_strain_patch_cloud,3,21,0.5833333333333333,0.5833333333333333,0.08333333333333333,160.0,160.0,0.0,0.001,0.001,0.0,0.0,0.0,ok,element stress/strain cloud for affine analytic TET4 patch
analytic_uniaxial_stress_strain_patch_cloud,3,22,0.5,0.5,0.16666666666666666,160.0,160.0,0.0,0.001,0.001,0.0,0.0,0.0,ok,element stress/strain cloud for affine analytic TET4 patch
analytic_uniaxial_stress_strain_patch_cloud,3,23,0.41666666666666663,0.5833333333333333,0.25,160.0,160.0,0.0,0.001,0.001,0.0,0.0,0.0,ok,element stress/strain cloud for affine analytic TET4 patch
analytic_uniaxial_stress_strain_patch_cloud,3,24,0.5833333333333333,0.41666666666666663,0.25,160.0,160.0,0.0,0.001,0.001,0.0,0.0,0.0,ok,element stress/strain cloud for affine analytic TET4 patch
analytic_uniaxial_stress_strain_patch_cloud,3,25,0.7499999999999999,0.41666666666666663,0.08333333333333333,160.0,160.0,0.0,0.001,0.001,0.0,0.0,0.0,ok,element stress/strain cloud for affine analytic TET4 patch
analytic_uniaxial_stress_strain_patch_cloud,3,26,0.9166666666666666,0.5833333333333333,0.08333333333333333,160.0,160.0,0.0,0.001,0.001,0.0,0.0,0.0,ok,element stress/strain cloud for affine analytic TET4 patch
analytic_uniaxial_stress_strain_patch_cloud,3,27,0.8333333333333333,0.5,0.16666666666666666,160.0,160.0,0.0,0.001,0.001,0.0,0.0,0.0,ok,element stress/strain cloud for affine analytic TET4 patch
analytic_uniaxial_stress_strain_patch_cloud,3,28,0.75,0.5833333333333333,0.25,160.0,160.0,0.0,0.001,0.001,0.0,0.0,0.0,ok,element stress/strain cloud for affine analytic TET4 patch
analytic_uniaxial_stress_strain_patch_cloud,3,29,0.9166666666666666,0.41666666666666663,0.25,160.0,160.0,0.0,0.001,0.001,0.0,0.0,0.0,ok,element stress/strain cloud for affine analytic TET4 patch
analytic_uniaxial_stress_strain_patch_cloud,3,30,0.08333333333333333,0.7499999999999999,0.08333333333333333,160.0,160.0,0.0,0.001,0.001,0.0,0.0,0.0,ok,element stress/strain cloud for affine analytic TET4 patch
analytic_uniaxial_stress_strain_patch_cloud,3,31,0.25,0.9166666666666666,0.08333333333333333,160.0,160.0,0.0,0.001,0.001,0.0,0.0,0.0,ok,element stress/strain cloud for affine analytic TET4 patch
analytic_uniaxial_stress_strain_patch_cloud,3,32,0.16666666666666666,0.8333333333333333,0.16666666666666666,160.0,160.0,0.0,0.001,0.001,0.0,0.0,0.0,ok,element stress/strain cloud for affine analytic TET4 patch
analytic_uniaxial_stress_strain_patch_cloud,3,33,0.08333333333333333,0.9166666666666666,0.25,160.0,160.0,0.0,0.001,0.001,0.0,0.0,0.0,ok,element stress/strain cloud for affine analytic TET4 patch
analytic_uniaxial_stress_strain_patch_cloud,3,34,0.25,0.75,0.25,160.0,160.0,0.0,0.001,0.001,0.0,0.0,0.0,ok,element stress/strain cloud for affine analytic TET4 patch
analytic_uniaxial_stress_strain_patch_cloud,3,35,0.41666666666666663,0.7499999999999999,0.08333333333333333,160.0,160.0,0.0,0.001,0.001,0.0,0.0,0.0,ok,element stress/strain cloud for affine analytic TET4 patch
analytic_uniaxial_stress_strain_patch_cloud,3,36,0.5833333333333333,0.9166666666666666,0.08333333333333333,160.0,160.0,0.0,0.001,0.001,0.0,0.0,0.0,ok,element stress/strain cloud for affine analytic TET4 patch
analytic_uniaxial_stress_strain_patch_cloud,3,37,0.5,0.8333333333333333,0.16666666666666666,160.0,160.0,0.0,0.001,0.001,0.0,0.0,0.0,ok,element stress/strain cloud for affine analytic TET4 patch
analytic_uniaxial_stress_strain_patch_cloud,3,38,0.41666666666666663,0.9166666666666666,0.25,160.0,160.0,0.0,0.001,0.001,0.0,0.0,0.0,ok,element stress/strain cloud for affine analytic TET4 patch
analytic_uniaxial_stress_strain_patch_cloud,3,39,0.5833333333333333,0.75,0.25,160.0,160.0,0.0,0.001,0.001,0.0,0.0,0.0,ok,element stress/strain cloud for affine analytic TET4 patch
analytic_uniaxial_stress_strain_patch_cloud,3,40,0.7499999999999999,0.7499999999999999,0.08333333333333333,160.0,160.0,0.0,0.001,0.001,0.0,0.0,0.0,ok,element stress/strain cloud for affine analytic TET4 patch
analytic_uniaxial_stress_strain_patch_cloud,3,41,0.9166666666666666,0.9166666666666666,0.08333333333333333,160.0,160.0,0.0,0.001,0.001,0.0,0.0,0.0,ok,element stress/strain cloud for affine analytic TET4 patch
analytic_uniaxial_stress_strain_patch_cloud,3,42,0.8333333333333333,0.8333333333333333,0.16666666666666666,160.0,160.0,0.0,0.001,0.001,0.0,0.0,0.0,ok,element stress/strain cloud for affine analytic TET4 patch
analytic_uniaxial_stress_strain_patch_cloud,3,43,0.75,0.9166666666666666,0.25,160.0,160.0,0.0,0.001,0.001,0.0,0.0,0.0,ok,element stress/strain cloud for affine analytic TET4 patch
analytic_uniaxial_stress_strain_patch_cloud,3,44,0.9166666666666666,0.75,0.25,160.0,160.0,0.0,0.001,0.001,0.0,0.0,0.0,ok,element stress/strain cloud for affine analytic TET4 patch
analytic_uniaxial_stress_strain_patch_cloud,3,45,0.08333333333333333,0.08333333333333333,0.41666666666666663,160.0,160.0,0.0,0.001,0.001,0.0,0.0,0.0,ok,element stress/strain cloud for affine analytic TET4 patch
analytic_uniaxial_stress_strain_patch_cloud,3,46,0.25,0.25,0.41666666666666663,160.0,160.0,0.0,0.001,0.001,0.0,0.0,0.0,ok,element stress/strain cloud for affine analytic TET4 patch
analytic_uniaxial_stress_strain_patch_cloud,3,47,0.16666666666666666,0.16666666666666666,0.5,160.0,160.0,0.0,0.001,0.001,0.0,0.0,0.0,ok,element stress/strain cloud for affine analytic TET4 patch
analytic_uniaxial_stress_strain_patch_cloud,3,48,0.08333333333333333,0.25,0.5833333333333333,160.0,160.0,0.0,0.001,0.001,0.0,0.0,0.0,ok,element stress/strain cloud for affine analytic TET4 patch
analytic_uniaxial_stress_strain_patch_cloud,3,49,0.25,0.08333333333333333,0.5833333333333333,160.0,160.0,0.0,0.001,0.001,0.0,0.0,0.0,ok,element stress/strain cloud for affine analytic TET4 patch
analytic_uniaxial_stress_strain_patch_cloud,3,50,0.41666666666666663,0.08333333333333333,0.41666666666666663,160.0,160.0,0.0,0.001,0.001,0.0,0.0,0.0,ok,element stress/strain cloud for affine analytic TET4 patch
analytic_uniaxial_stress_strain_patch_cloud,3,51,0.5833333333333333,0.25,0.41666666666666663,160.0,160.0,0.0,0.001,0.001,0.0,0.0,0.0,ok,element stress/strain cloud for affine analytic TET4 patch
analytic_uniaxial_stress_strain_patch_cloud,3,52,0.5,0.16666666666666666,0.5,160.0,160.0,0.0,0.001,0.001,0.0,0.0,0.0,ok,element stress/strain cloud for affine analytic TET4 patch
analytic_uniaxial_stress_strain_patch_cloud,3,53,0.41666666666666663,0.25,0.5833333333333333,160.0,160.0,0.0,0.001,0.001,0.0,0.0,0.0,ok,element stress/strain cloud for affine analytic TET4 patch
analytic_uniaxial_stress_strain_patch_cloud,3,54,0.5833333333333333,0.08333333333333333,0.5833333333333333,160.0,160.0,0.0,0.001,0.001,0.0,0.0,0.0,ok,element stress/strain cloud for affine analytic TET4 patch
analytic_uniaxial_stress_strain_patch_cloud,3,55,0.7499999999999999,0.08333333333333333,0.41666666666666663,160.0,160.0,0.0,0.001,0.001,0.0,0.0,0.0,ok,element stress/strain cloud for affine analytic TET4 patch
analytic_uniaxial_stress_strain_patch_cloud,3,56,0.9166666666666666,0.25,0.41666666666666663,160.0,160.0,0.0,0.001,0.001,0.0,0.0,0.0,ok,element stress/strain cloud for affine analytic TET4 patch
analytic_uniaxial_stress_strain_patch_cloud,3,57,0.8333333333333333,0.16666666666666666,0.5,160.0,160.0,0.0,0.001,0.001,0.0,0.0,0.0,ok,element stress/strain cloud for affine analytic TET4 patch
analytic_uniaxial_stress_strain_patch_cloud,3,58,0.75,0.25,0.5833333333333333,160.0,160.0,0.0,0.001,0.001,0.0,0.0,0.0,ok,element stress/strain cloud for affine analytic TET4 patch
analytic_uniaxial_stress_strain_patch_cloud,3,59,0.9166666666666666,0.08333333333333333,0.5833333333333333,160.0,160.0,0.0,0.001,0.001,0.0,0.0,0.0,ok,element stress/strain cloud for affine analytic TET4 patch
analytic_uniaxial_stress_strain_patch_cloud,3,60,0.08333333333333333,0.41666666666666663,0.41666666666666663,160.0,160.0,0.0,0.001,0.001,0.0,0.0,0.0,ok,element stress/strain cloud for affine analytic TET4 patch
analytic_uniaxial_stress_strain_patch_cloud,3,61,0.25,0.5833333333333333,0.41666666666666663,160.0,160.0,0.0,0.001,0.001,0.0,0.0,0.0,ok,element stress/strain cloud for affine analytic TET4 patch
analytic_uniaxial_stress_strain_patch_cloud,3,62,0.16666666666666666,0.5,0.5,160.0,160.0,0.0,0.001,0.001,0.0,0.0,0.0,ok,element stress/strain cloud for affine analytic TET4 patch
analytic_uniaxial_stress_strain_patch_cloud,3,63,0.08333333333333333,0.5833333333333333,0.5833333333333333,160.0,160.0,0.0,0.001,0.001,0.0,0.0,0.0,ok,element stress/strain cloud for affine analytic TET4 patch
analytic_uniaxial_stress_strain_patch_cloud,3,64,0.25,0.41666666666666663,0.5833333333333333,160.0,160.0,0.0,0.001,0.001,0.0,0.0,0.0,ok,element stress/strain cloud for affine analytic TET4 patch
analytic_uniaxial_stress_strain_patch_cloud,3,65,0.41666666666666663,0.41666666666666663,0.41666666666666663,160.0,160.0,0.0,0.001,0.001,0.0,0.0,0.0,ok,element stress/strain cloud for affine analytic TET4 patch
analytic_uniaxial_stress_strain_patch_cloud,3,66,0.5833333333333333,0.5833333333333333,0.41666666666666663,160.0,160.0,0.0,0.001,0.001,0.0,0.0,0.0,ok,element stress/strain cloud for affine analytic TET4 patch
analytic_uniaxial_stress_strain_patch_cloud,3,67,0.5,0.5,0.5,160.0,160.0,0.0,0.001,0.001,0.0,0.0,0.0,ok,element stress/strain cloud for affine analytic TET4 patch
analytic_uniaxial_stress_strain_patch_cloud,3,68,0.41666666666666663,0.5833333333333333,0.5833333333333333,160.0,160.0,0.0,0.001,0.001,0.0,0.0,0.0,ok,element stress/strain cloud for affine analytic TET4 patch
analytic_uniaxial_stress_strain_patch_cloud,3,69,0.5833333333333333,0.41666666666666663,0.5833333333333333,160.0,160.0,0.0,0.001,0.001,0.0,0.0,0.0,ok,element stress/strain cloud for affine analytic TET4 patch
analytic_uniaxial_stress_strain_patch_cloud,3,70,0.7499999999999999,0.41666666666666663,0.41666666666666663,160.0,160.0,0.0,0.001,0.001,0.0,0.0,0.0,ok,element stress/strain cloud for affine analytic TET4 patch
analytic_uniaxial_stress_strain_patch_cloud,3,71,0.9166666666666666,0.5833333333333333,0.41666666666666663,160.0,160.0,0.0,0.001,0.001,0.0,0.0,0.0,ok,element stress/strain cloud for affine analytic TET4 patch
analytic_uniaxial_stress_strain_patch_cloud,3,72,0.8333333333333333,0.5,0.5,160.0,160.0,0.0,0.001,0.001,0.0,0.0,0.0,ok,element stress/strain cloud for affine analytic TET4 patch
analytic_uniaxial_stress_strain_patch_cloud,3,73,0.75,0.5833333333333333,0.5833333333333333,160.0,160.0,0.0,0.001,0.001,0.0,0.0,0.0,ok,element stress/strain cloud for affine analytic TET4 patch
analytic_uniaxial_stress_strain_patch_cloud,3,74,0.9166666666666666,0.41666666666666663,0.5833333333333333,160.0,160.0,0.0,0.001,0.001,0.0,0.0,0.0,ok,element stress/strain cloud for affine analytic TET4 patch
analytic_uniaxial_stress_strain_patch_cloud,3,75,0.08333333333333333,0.7499999999999999,0.41666666666666663,160.0,160.0,0.0,0.001,0.001,0.0,0.0,0.0,ok,element stress/strain cloud for affine analytic TET4 patch
analytic_uniaxial_stress_strain_patch_cloud,3,76,0.25,0.9166666666666666,0.41666666666666663,160.0,160.0,0.0,0.001,0.001,0.0,0.0,0.0,ok,element stress/strain cloud for affine analytic TET4 patch
analytic_uniaxial_stress_strain_patch_cloud,3,77,0.16666666666666666,0.8333333333333333,0.5,160.0,160.0,0.0,0.001,0.001,0.0,0.0,0.0,ok,element stress/strain cloud for affine analytic TET4 patch
analytic_uniaxial_stress_strain_patch_cloud,3,78,0.08333333333333333,0.9166666666666666,0.5833333333333333,160.0,160.0,0.0,0.001,0.001,0.0,0.0,0.0,ok,element stress/strain cloud for affine analytic TET4 patch
analytic_uniaxial_stress_strain_patch_cloud,3,79,0.25,0.75,0.5833333333333333,160.0,160.0,0.0,0.001,0.001,0.0,0.0,0.0,ok,element stress/strain cloud for affine analytic TET4 patch
analytic_uniaxial_stress_strain_patch_cloud,3,80,0.41666666666666663,0.7499999999999999,0.41666666666666663,160.0,160.0,0.0,0.001,0.001,0.0,0.0,0.0,ok,element stress/strain cloud for affine analytic TET4 patch
analytic_uniaxial_stress_strain_patch_cloud,3,81,0.5833333333333333,0.9166666666666666,0.41666666666666663,160.0,160.0,0.0,0.001,0.001,0.0,0.0,0.0,ok,element stress/strain cloud for affine analytic TET4 patch
analytic_uniaxial_stress_strain_patch_cloud,3,82,0.5,0.8333333333333333,0.5,160.0,160.0,0.0,0.001,0.001,0.0,0.0,0.0,ok,element stress/strain cloud for affine analytic TET4 patch
analytic_uniaxial_stress_strain_patch_cloud,3,83,0.41666666666666663,0.9166666666666666,0.5833333333333333,160.0,160.0,0.0,0.001,0.001,0.0,0.0,0.0,ok,element stress/strain cloud for affine analytic TET4 patch
analytic_uniaxial_stress_strain_patch_cloud,3,84,0.5833333333333333,0.75,0.5833333333333333,160.0,160.0,0.0,0.001,0.001,0.0,0.0,0.0,ok,element stress/strain cloud for affine analytic TET4 patch
analytic_uniaxial_stress_strain_patch_cloud,3,85,0.7499999999999999,0.7499999999999999,0.41666666666666663,160.0,160.0,0.0,0.001,0.001,0.0,0.0,0.0,ok,element stress/strain cloud for affine analytic TET4 patch
analytic_uniaxial_stress_strain_patch_cloud,3,86,0.9166666666666666,0.9166666666666666,0.41666666666666663,160.0,160.0,0.0,0.001,0.001,0.0,0.0,0.0,ok,element stress/strain cloud for affine analytic TET4 patch
analytic_uniaxial_stress_strain_patch_cloud,3,87,0.8333333333333333,0.8333333333333333,0.5,160.0,160.0,0.0,0.001,0.001,0.0,0.0,0.0,ok,element stress/strain cloud for affine analytic TET4 patch
analytic_uniaxial_stress_strain_patch_cloud,3,88,0.75,0.9166666666666666,0.5833333333333333,160.0,160.0,0.0,0.001,0.001,0.0,0.0,0.0,ok,element stress/strain cloud for affine analytic TET4 patch
analytic_uniaxial_stress_strain_patch_cloud,3,89,0.9166666666666666,0.75,0.5833333333333333,160.0,160.0,0.0,0.001,0.001,0.0,0.0,0.0,ok,element stress/strain cloud for affine analytic TET4 patch
analytic_uniaxial_stress_strain_patch_cloud,3,90,0.08333333333333333,0.08333333333333333,0.75,160.0,160.0,0.0,0.001,0.001,0.0,0.0,0.0,ok,element stress/strain cloud for affine analytic TET4 patch
analytic_uniaxial_stress_strain_patch_cloud,3,91,0.25,0.25,0.75,160.0,160.0,0.0,0.001,0.001,0.0,0.0,0.0,ok,element stress/strain cloud for affine analytic TET4 patch
analytic_uniaxial_stress_strain_patch_cloud,3,92,0.16666666666666666,0.16666666666666666,0.8333333333333333,160.0,160.0,0.0,0.001,0.001,0.0,0.0,0.0,ok,element stress/strain cloud for affine analytic TET4 patch
analytic_uniaxial_stress_strain_patch_cloud,3,93,0.08333333333333333,0.25,0.9166666666666666,160.0,160.0,0.0,0.001,0.001,0.0,0.0,0.0,ok,element stress/strain cloud for affine analytic TET4 patch
analytic_uniaxial_stress_strain_patch_cloud,3,94,0.25,0.08333333333333333,0.9166666666666666,160.0,160.0,0.0,0.001,0.001,0.0,0.0,0.0,ok,element stress/strain cloud for affine analytic TET4 patch
analytic_uniaxial_stress_strain_patch_cloud,3,95,0.41666666666666663,0.08333333333333333,0.75,160.0,160.0,0.0,0.001,0.001,0.0,0.0,0.0,ok,element stress/strain cloud for affine analytic TET4 patch
analytic_uniaxial_stress_strain_patch_cloud,3,96,0.5833333333333333,0.25,0.75,160.0,160.0,0.0,0.001,0.001,0.0,0.0,0.0,ok,element stress/strain cloud for affine analytic TET4 patch
analytic_uniaxial_stress_strain_patch_cloud,3,97,0.5,0.16666666666666666,0.8333333333333333,160.0,160.0,0.0,0.001,0.001,0.0,0.0,0.0,ok,element stress/strain cloud for affine analytic TET4 patch
analytic_uniaxial_stress_strain_patch_cloud,3,98,0.41666666666666663,0.25,0.9166666666666666,160.0,160.0,0.0,0.001,0.001,0.0,0.0,0.0,ok,element stress/strain cloud for affine analytic TET4 patch
analytic_uniaxial_stress_strain_patch_cloud,3,99,0.5833333333333333,0.08333333333333333,0.9166666666666666,160.0,160.0,0.0,0.001,0.001,0.0,0.0,0.0,ok,element stress/strain cloud for affine analytic TET4 patch
analytic_uniaxial_stress_strain_patch_cloud,3,100,0.7499999999999999,0.08333333333333333,0.75,160.0,160.0,0.0,0.001,0.001,0.0,0.0,0.0,ok,element stress/strain cloud for affine analytic TET4 patch
analytic_uniaxial_stress_strain_patch_cloud,3,101,0.9166666666666666,0.25,0.75,160.0,160.0,0.0,0.001,0.001,0.0,0.0,0.0,ok,element stress/strain cloud for affine analytic TET4 patch
analytic_uniaxial_stress_strain_patch_cloud,3,102,0.8333333333333333,0.16666666666666666,0.8333333333333333,160.0,160.0,0.0,0.001,0.001,0.0,0.0,0.0,ok,element stress/strain cloud for affine analytic TET4 patch
analytic_uniaxial_stress_strain_patch_cloud,3,103,0.75,0.25,0.9166666666666666,160.0,160.0,0.0,0.001,0.001,0.0,0.0,0.0,ok,element stress/strain cloud for affine analytic TET4 patch
analytic_uniaxial_stress_strain_patch_cloud,3,104,0.9166666666666666,0.08333333333333333,0.9166666666666666,160.0,160.0,0.0,0.001,0.001,0.0,0.0,0.0,ok,element stress/strain cloud for affine analytic TET4 patch
analytic_uniaxial_stress_strain_patch_cloud,3,105,0.08333333333333333,0.41666666666666663,0.75,160.0,160.0,0.0,0.001,0.001,0.0,0.0,0.0,ok,element stress/strain cloud for affine analytic TET4 patch
analytic_uniaxial_stress_strain_patch_cloud,3,106,0.25,0.5833333333333333,0.75,160.0,160.0,0.0,0.001,0.001,0.0,0.0,0.0,ok,element stress/strain cloud for affine analytic TET4 patch
analytic_uniaxial_stress_strain_patch_cloud,3,107,0.16666666666666666,0.5,0.8333333333333333,160.0,160.0,0.0,0.001,0.001,0.0,0.0,0.0,ok,element stress/strain cloud for affine analytic TET4 patch
analytic_uniaxial_stress_strain_patch_cloud,3,108,0.08333333333333333,0.5833333333333333,0.9166666666666666,160.0,160.0,0.0,0.001,0.001,0.0,0.0,0.0,ok,element stress/strain cloud for affine analytic TET4 patch
analytic_uniaxial_stress_strain_patch_cloud,3,109,0.25,0.41666666666666663,0.9166666666666666,160.0,160.0,0.0,0.001,0.001,0.0,0.0,0.0,ok,element stress/strain cloud for affine analytic TET4 patch
analytic_uniaxial_stress_strain_patch_cloud,3,110,0.41666666666666663,0.41666666666666663,0.75,160.0,160.0,0.0,0.001,0.001,0.0,0.0,0.0,ok,element stress/strain cloud for affine analytic TET4 patch
analytic_uniaxial_stress_strain_patch_cloud,3,111,0.5833333333333333,0.5833333333333333,0.75,160.0,160.0,0.0,0.001,0.001,0.0,0.0,0.0,ok,element stress/strain cloud for affine analytic TET4 patch
analytic_uniaxial_stress_strain_patch_cloud,3,112,0.5,0.5,0.8333333333333333,160.0,160.0,0.0,0.001,0.001,0.0,0.0,0.0,ok,element stress/strain cloud for affine analytic TET4 patch
analytic_uniaxial_stress_strain_patch_cloud,3,113,0.41666666666666663,0.5833333333333333,0.9166666666666666,160.0,160.0,0.0,0.001,0.001,0.0,0.0,0.0,ok,element stress/strain cloud for affine analytic TET4 patch
analytic_uniaxial_stress_strain_patch_cloud,3,114,0.5833333333333333,0.41666666666666663,0.9166666666666666,160.0,160.0,0.0,0.001,0.001,0.0,0.0,0.0,ok,element stress/strain cloud for affine analytic TET4 patch
analytic_uniaxial_stress_strain_patch_cloud,3,115,0.7499999999999999,0.41666666666666663,0.75,160.0,160.0,0.0,0.001,0.001,0.0,0.0,0.0,ok,element stress/strain cloud for affine analytic TET4 patch
analytic_uniaxial_stress_strain_patch_cloud,3,116,0.9166666666666666,0.5833333333333333,0.75,160.0,160.0,0.0,0.001,0.001,0.0,0.0,0.0,ok,element stress/strain cloud for affine analytic TET4 patch
analytic_uniaxial_stress_strain_patch_cloud,3,117,0.8333333333333333,0.5,0.8333333333333333,160.0,160.0,0.0,0.001,0.001,0.0,0.0,0.0,ok,element stress/strain cloud for affine analytic TET4 patch
analytic_uniaxial_stress_strain_patch_cloud,3,118,0.75,0.5833333333333333,0.9166666666666666,160.0,160.0,0.0,0.001,0.001,0.0,0.0,0.0,ok,element stress/strain cloud for affine analytic TET4 patch
analytic_uniaxial_stress_strain_patch_cloud,3,119,0.9166666666666666,0.41666666666666663,0.9166666666666666,160.0,160.0,0.0,0.001,0.001,0.0,0.0,0.0,ok,element stress/strain cloud for affine analytic TET4 patch
analytic_uniaxial_stress_strain_patch_cloud,3,120,0.08333333333333333,0.7499999999999999,0.75,160.0,160.0,0.0,0.001,0.001,0.0,0.0,0.0,ok,element stress/strain cloud for affine analytic TET4 patch
analytic_uniaxial_stress_strain_patch_cloud,3,121,0.25,0.9166666666666666,0.75,160.0,160.0,0.0,0.001,0.001,0.0,0.0,0.0,ok,element stress/strain cloud for affine analytic TET4 patch
analytic_uniaxial_stress_strain_patch_cloud,3,122,0.16666666666666666,0.8333333333333333,0.8333333333333333,160.0,160.0,0.0,0.001,0.001,0.0,0.0,0.0,ok,element stress/strain cloud for affine analytic TET4 patch
analytic_uniaxial_stress_strain_patch_cloud,3,123,0.08333333333333333,0.9166666666666666,0.9166666666666666,160.0,160.0,0.0,0.001,0.001,0.0,0.0,0.0,ok,element stress/strain cloud for affine analytic TET4 patch
analytic_uniaxial_stress_strain_patch_cloud,3,124,0.25,0.75,0.9166666666666666,160.0,160.0,0.0,0.001,0.001,0.0,0.0,0.0,ok,element stress/strain cloud for affine analytic TET4 patch
analytic_uniaxial_stress_strain_patch_cloud,3,125,0.41666666666666663,0.7499999999999999,0.75,160.0,160.0,0.0,0.001,0.001,0.0,0.0,0.0,ok,element stress/strain cloud for affine analytic TET4 patch
analytic_uniaxial_stress_strain_patch_cloud,3,126,0.5833333333333333,0.9166666666666666,0.75,160.0,160.0,0.0,0.001,0.001,0.0,0.0,0.0,ok,element stress/strain cloud for affine analytic TET4 patch
analytic_uniaxial_stress_strain_patch_cloud,3,127,0.5,0.8333333333333333,0.8333333333333333,160.0,160.0,0.0,0.001,0.001,0.0,0.0,0.0,ok,element stress/strain cloud for affine analytic TET4 patch
analytic_uniaxial_stress_strain_patch_cloud,3,128,0.41666666666666663,0.9166666666666666,0.9166666666666666,160.0,160.0,0.0,0.001,0.001,0.0,0.0,0.0,ok,element stress/strain cloud for affine analytic TET4 patch
analytic_uniaxial_stress_strain_patch_cloud,3,129,0.5833333333333333,0.75,0.9166666666666666,160.0,160.0,0.0,0.001,0.001,0.0,0.0,0.0,ok,element stress/strain cloud for affine analytic TET4 patch
analytic_uniaxial_stress_strain_patch_cloud,3,130,0.7499999999999999,0.7499999999999999,0.75,160.0,160.0,0.0,0.001,0.001,0.0,0.0,0.0,ok,element stress/strain cloud for affine analytic TET4 patch
analytic_uniaxial_stress_strain_patch_cloud,3,131,0.9166666666666666,0.9166666666666666,0.75,160.0,160.0,0.0,0.001,0.001,0.0,0.0,0.0,ok,element stress/strain cloud for affine analytic TET4 patch
analytic_uniaxial_stress_strain_patch_cloud,3,132,0.8333333333333333,0.8333333333333333,0.8333333333333333,160.0,160.0,0.0,0.001,0.001,0.0,0.0,0.0,ok,element stress/strain cloud for affine analytic TET4 patch
analytic_uniaxial_stress_strain_patch_cloud,3,133,0.75,0.9166666666666666,0.9166666666666666,160.0,160.0,0.0,0.001,0.001,0.0,0.0,0.0,ok,element stress/strain cloud for affine analytic TET4 patch
analytic_uniaxial_stress_strain_patch_cloud,3,134,0.9166666666666666,0.75,0.9166666666666666,160.0,160.0,0.0,0.001,0.001,0.0,0.0,0.0,ok,element stress/strain cloud for affine analytic TET4 patch
analytic_uniaxial_stress_strain_patch_cloud,4,0,0.0625,0.0625,0.0625,160.0,160.0,0.0,0.001,0.001,0.0,0.0,0.0,ok,element stress/strain cloud for affine analytic TET4 patch
analytic_uniaxial_stress_strain_patch_cloud,4,1,0.1875,0.1875,0.0625,160.0,160.0,0.0,0.001,0.001,0.0,0.0,0.0,ok,element stress/strain cloud for affine analytic TET4 patch
analytic_uniaxial_stress_strain_patch_cloud,4,2,0.125,0.125,0.125,160.0,160.0,0.0,0.001,0.001,0.0,0.0,0.0,ok,element stress/strain cloud for affine analytic TET4 patch
analytic_uniaxial_stress_strain_patch_cloud,4,3,0.0625,0.1875,0.1875,160.0,160.0,0.0,0.001,0.001,0.0,0.0,0.0,ok,element stress/strain cloud for affine analytic TET4 patch
analytic_uniaxial_stress_strain_patch_cloud,4,4,0.1875,0.0625,0.1875,160.0,160.0,0.0,0.001,0.001,0.0,0.0,0.0,ok,element stress/strain cloud for affine analytic TET4 patch
analytic_uniaxial_stress_strain_patch_cloud,4,5,0.3125,0.0625,0.0625,160.0,160.0,0.0,0.001,0.001,0.0,0.0,0.0,ok,element stress/strain cloud for affine analytic TET4 patch
analytic_uniaxial_stress_strain_patch_cloud,4,6,0.4375,0.1875,0.0625,160.0,160.0,0.0,0.001,0.001,0.0,0.0,0.0,ok,element stress/strain cloud for affine analytic TET4 patch
analytic_uniaxial_stress_strain_patch_cloud,4,7,0.375,0.125,0.125,160.0,160.0,0.0,0.001,0.001,0.0,0.0,0.0,ok,element stress/strain cloud for affine analytic TET4 patch
analytic_uniaxial_stress_strain_patch_cloud,4,8,0.3125,0.1875,0.1875,160.0,160.0,0.0,0.001,0.001,0.0,0.0,0.0,ok,element stress/strain cloud for affine analytic TET4 patch
analytic_uniaxial_stress_strain_patch_cloud,4,9,0.4375,0.0625,0.1875,160.0,160.0,0.0,0.001,0.001,0.0,0.0,0.0,ok,element stress/strain cloud for affine analytic TET4 patch
analytic_uniaxial_stress_strain_patch_cloud,4,10,0.5625,0.0625,0.0625,160.0,160.0,0.0,0.001,0.001,0.0,0.0,0.0,ok,element stress/strain cloud for affine analytic TET4 patch
analytic_uniaxial_stress_strain_patch_cloud,4,11,0.6875,0.1875,0.0625,160.0,160.0,0.0,0.001,0.001,0.0,0.0,0.0,ok,element stress/strain cloud for affine analytic TET4 patch
analytic_uniaxial_stress_strain_patch_cloud,4,12,0.625,0.125,0.125,160.0,160.0,0.0,0.001,0.001,0.0,0.0,0.0,ok,element stress/strain cloud for affine analytic TET4 patch
analytic_uniaxial_stress_strain_patch_cloud,4,13,0.5625,0.1875,0.1875,160.0,160.0,0.0,0.001,0.001,0.0,0.0,0.0,ok,element stress/strain cloud for affine analytic TET4 patch
analytic_uniaxial_stress_strain_patch_cloud,4,14,0.6875,0.0625,0.1875,160.0,160.0,0.0,0.001,0.001,0.0,0.0,0.0,ok,element stress/strain cloud for affine analytic TET4 patch
analytic_uniaxial_stress_strain_patch_cloud,4,15,0.8125,0.0625,0.0625,160.0,160.0,0.0,0.001,0.001,0.0,0.0,0.0,ok,element stress/strain cloud for affine analytic TET4 patch
analytic_uniaxial_stress_strain_patch_cloud,4,16,0.9375,0.1875,0.0625,160.0,160.0,0.0,0.001,0.001,0.0,0.0,0.0,ok,element stress/strain cloud for affine analytic TET4 patch
analytic_uniaxial_stress_strain_patch_cloud,4,17,0.875,0.125,0.125,160.0,160.0,0.0,0.001,0.001,0.0,0.0,0.0,ok,element stress/strain cloud for affine analytic TET4 patch
analytic_uniaxial_stress_strain_patch_cloud,4,18,0.8125,0.1875,0.1875,160.0,160.0,0.0,0.001,0.001,0.0,0.0,0.0,ok,element stress/strain cloud for affine analytic TET4 patch
analytic_uniaxial_stress_strain_patch_cloud,4,19,0.9375,0.0625,0.1875,160.0,160.0,0.0,0.001,0.001,0.0,0.0,0.0,ok,element stress/strain cloud for affine analytic TET4 patch
analytic_uniaxial_stress_strain_patch_cloud,4,20,0.0625,0.3125,0.0625,160.0,160.0,0.0,0.001,0.001,0.0,0.0,0.0,ok,element stress/strain cloud for affine analytic TET4 patch
analytic_uniaxial_stress_strain_patch_cloud,4,21,0.1875,0.4375,0.0625,160.0,160.0,0.0,0.001,0.001,0.0,0.0,0.0,ok,element stress/strain cloud for affine analytic TET4 patch
analytic_uniaxial_stress_strain_patch_cloud,4,22,0.125,0.375,0.125,160.0,160.0,0.0,0.001,0.001,0.0,0.0,0.0,ok,element stress/strain cloud for affine analytic TET4 patch
analytic_uniaxial_stress_strain_patch_cloud,4,23,0.0625,0.4375,0.1875,160.0,160.0,0.0,0.001,0.001,0.0,0.0,0.0,ok,element stress/strain cloud for affine analytic TET4 patch
analytic_uniaxial_stress_strain_patch_cloud,4,24,0.1875,0.3125,0.1875,160.0,160.0,0.0,0.001,0.001,0.0,0.0,0.0,ok,element stress/strain cloud for affine analytic TET4 patch
analytic_uniaxial_stress_strain_patch_cloud,4,25,0.3125,0.3125,0.0625,160.0,160.0,0.0,0.001,0.001,0.0,0.0,0.0,ok,element stress/strain cloud for affine analytic TET4 patch
analytic_uniaxial_stress_strain_patch_cloud,4,26,0.4375,0.4375,0.0625,160.0,160.0,0.0,0.001,0.001,0.0,0.0,0.0,ok,element stress/strain cloud for affine analytic TET4 patch
analytic_uniaxial_stress_strain_patch_cloud,4,27,0.375,0.375,0.125,160.0,160.0,0.0,0.001,0.001,0.0,0.0,0.0,ok,element stress/strain cloud for affine analytic TET4 patch
analytic_uniaxial_stress_strain_patch_cloud,4,28,0.3125,0.4375,0.1875,160.0,160.0,0.0,0.001,0.001,0.0,0.0,0.0,ok,element stress/strain cloud for affine analytic TET4 patch
analytic_uniaxial_stress_strain_patch_cloud,4,29,0.4375,0.3125,0.1875,160.0,160.0,0.0,0.001,0.001,0.0,0.0,0.0,ok,element stress/strain cloud for affine analytic TET4 patch
analytic_uniaxial_stress_strain_patch_cloud,4,30,0.5625,0.3125,0.0625,160.0,160.0,0.0,0.001,0.001,0.0,0.0,0.0,ok,element stress/strain cloud for affine analytic TET4 patch
analytic_uniaxial_stress_strain_patch_cloud,4,31,0.6875,0.4375,0.0625,160.0,160.0,0.0,0.001,0.001,0.0,0.0,0.0,ok,element stress/strain cloud for affine analytic TET4 patch
analytic_uniaxial_stress_strain_patch_cloud,4,32,0.625,0.375,0.125,160.0,160.0,0.0,0.001,0.001,0.0,0.0,0.0,ok,element stress/strain cloud for affine analytic TET4 patch
analytic_uniaxial_stress_strain_patch_cloud,4,33,0.5625,0.4375,0.1875,160.0,160.0,0.0,0.001,0.001,0.0,0.0,0.0,ok,element stress/strain cloud for affine analytic TET4 patch
analytic_uniaxial_stress_strain_patch_cloud,4,34,0.6875,0.3125,0.1875,160.0,160.0,0.0,0.001,0.001,0.0,0.0,0.0,ok,element stress/strain cloud for affine analytic TET4 patch
analytic_uniaxial_stress_strain_patch_cloud,4,35,0.8125,0.3125,0.0625,160.0,160.0,0.0,0.001,0.001,0.0,0.0,0.0,ok,element stress/strain cloud for affine analytic TET4 patch
analytic_uniaxial_stress_strain_patch_cloud,4,36,0.9375,0.4375,0.0625,160.0,160.0,0.0,0.001,0.001,0.0,0.0,0.0,ok,element stress/strain cloud for affine analytic TET4 patch
analytic_uniaxial_stress_strain_patch_cloud,4,37,0.875,0.375,0.125,160.0,160.0,0.0,0.001,0.001,0.0,0.0,0.0,ok,element stress/strain cloud for affine analytic TET4 patch
analytic_uniaxial_stress_strain_patch_cloud,4,38,0.8125,0.4375,0.1875,160.0,160.0,0.0,0.001,0.001,0.0,0.0,0.0,ok,element stress/strain cloud for affine analytic TET4 patch
analytic_uniaxial_stress_strain_patch_cloud,4,39,0.9375,0.3125,0.1875,160.0,160.0,0.0,0.001,0.001,0.0,0.0,0.0,ok,element stress/strain cloud for affine analytic TET4 patch
analytic_uniaxial_stress_strain_patch_cloud,4,40,0.0625,0.5625,0.0625,160.0,160.0,0.0,0.001,0.001,0.0,0.0,0.0,ok,element stress/strain cloud for affine analytic TET4 patch
analytic_uniaxial_stress_strain_patch_cloud,4,41,0.1875,0.6875,0.0625,160.0,160.0,0.0,0.001,0.001,0.0,0.0,0.0,ok,element stress/strain cloud for affine analytic TET4 patch
analytic_uniaxial_stress_strain_patch_cloud,4,42,0.125,0.625,0.125,160.0,160.0,0.0,0.001,0.001,0.0,0.0,0.0,ok,element stress/strain cloud for affine analytic TET4 patch
analytic_uniaxial_stress_strain_patch_cloud,4,43,0.0625,0.6875,0.1875,160.0,160.0,0.0,0.001,0.001,0.0,0.0,0.0,ok,element stress/strain cloud for affine analytic TET4 patch
analytic_uniaxial_stress_strain_patch_cloud,4,44,0.1875,0.5625,0.1875,160.0,160.0,0.0,0.001,0.001,0.0,0.0,0.0,ok,element stress/strain cloud for affine analytic TET4 patch
analytic_uniaxial_stress_strain_patch_cloud,4,45,0.3125,0.5625,0.0625,160.0,160.0,0.0,0.001,0.001,0.0,0.0,0.0,ok,element stress/strain cloud for affine analytic TET4 patch
analytic_uniaxial_stress_strain_patch_cloud,4,46,0.4375,0.6875,0.0625,160.0,160.0,0.0,0.001,0.001,0.0,0.0,0.0,ok,element stress/strain cloud for affine analytic TET4 patch
analytic_uniaxial_stress_strain_patch_cloud,4,47,0.375,0.625,0.125,160.0,160.0,0.0,0.001,0.001,0.0,0.0,0.0,ok,element stress/strain cloud for affine analytic TET4 patch
analytic_uniaxial_stress_strain_patch_cloud,4,48,0.3125,0.6875,0.1875,160.0,160.0,0.0,0.001,0.001,0.0,0.0,0.0,ok,element stress/strain cloud for affine analytic TET4 patch
analytic_uniaxial_stress_strain_patch_cloud,4,49,0.4375,0.5625,0.1875,160.0,160.0,0.0,0.001,0.001,0.0,0.0,0.0,ok,element stress/strain cloud for affine analytic TET4 patch
analytic_uniaxial_stress_strain_patch_cloud,4,50,0.5625,0.5625,0.0625,160.0,160.0,0.0,0.001,0.001,0.0,0.0,0.0,ok,element stress/strain cloud for affine analytic TET4 patch
analytic_uniaxial_stress_strain_patch_cloud,4,51,0.6875,0.6875,0.0625,160.0,160.0,0.0,0.001,0.001,0.0,0.0,0.0,ok,element stress/strain cloud for affine analytic TET4 patch
analytic_uniaxial_stress_strain_patch_cloud,4,52,0.625,0.625,0.125,160.0,160.0,0.0,0.001,0.001,0.0,0.0,0.0,ok,element stress/strain cloud for affine analytic TET4 patch
analytic_uniaxial_stress_strain_patch_cloud,4,53,0.5625,0.6875,0.1875,160.0,160.0,0.0,0.001,0.001,0.0,0.0,0.0,ok,element stress/strain cloud for affine analytic TET4 patch
analytic_uniaxial_stress_strain_patch_cloud,4,54,0.6875,0.5625,0.1875,160.0,160.0,0.0,0.001,0.001,0.0,0.0,0.0,ok,element stress/strain cloud for affine analytic TET4 patch
analytic_uniaxial_stress_strain_patch_cloud,4,55,0.8125,0.5625,0.0625,160.0,160.0,0.0,0.001,0.001,0.0,0.0,0.0,ok,element stress/strain cloud for affine analytic TET4 patch
analytic_uniaxial_stress_strain_patch_cloud,4,56,0.9375,0.6875,0.0625,160.0,160.0,0.0,0.001,0.001,0.0,0.0,0.0,ok,element stress/strain cloud for affine analytic TET4 patch
analytic_uniaxial_stress_strain_patch_cloud,4,57,0.875,0.625,0.125,160.0,160.0,0.0,0.001,0.001,0.0,0.0,0.0,ok,element stress/strain cloud for affine analytic TET4 patch
analytic_uniaxial_stress_strain_patch_cloud,4,58,0.8125,0.6875,0.1875,160.0,160.0,0.0,0.001,0.001,0.0,0.0,0.0,ok,element stress/strain cloud for affine analytic TET4 patch
analytic_uniaxial_stress_strain_patch_cloud,4,59,0.9375,0.5625,0.1875,160.0,160.0,0.0,0.001,0.001,0.0,0.0,0.0,ok,element stress/strain cloud for affine analytic TET4 patch
analytic_uniaxial_stress_strain_patch_cloud,4,60,0.0625,0.8125,0.0625,160.0,160.0,0.0,0.001,0.001,0.0,0.0,0.0,ok,element stress/strain cloud for affine analytic TET4 patch
analytic_uniaxial_stress_strain_patch_cloud,4,61,0.1875,0.9375,0.0625,160.0,160.0,0.0,0.001,0.001,0.0,0.0,0.0,ok,element stress/strain cloud for affine analytic TET4 patch
analytic_uniaxial_stress_strain_patch_cloud,4,62,0.125,0.875,0.125,160.0,160.0,0.0,0.001,0.001,0.0,0.0,0.0,ok,element stress/strain cloud for affine analytic TET4 patch
analytic_uniaxial_stress_strain_patch_cloud,4,63,0.0625,0.9375,0.1875,160.0,160.0,0.0,0.001,0.001,0.0,0.0,0.0,ok,element stress/strain cloud for affine analytic TET4 patch
analytic_uniaxial_stress_strain_patch_cloud,4,64,0.1875,0.8125,0.1875,160.0,160.0,0.0,0.001,0.001,0.0,0.0,0.0,ok,element stress/strain cloud for affine analytic TET4 patch
analytic_uniaxial_stress_strain_patch_cloud,4,65,0.3125,0.8125,0.0625,160.0,160.0,0.0,0.001,0.001,0.0,0.0,0.0,ok,element stress/strain cloud for affine analytic TET4 patch
analytic_uniaxial_stress_strain_patch_cloud,4,66,0.4375,0.9375,0.0625,160.0,160.0,0.0,0.001,0.001,0.0,0.0,0.0,ok,element stress/strain cloud for affine analytic TET4 patch
analytic_uniaxial_stress_strain_patch_cloud,4,67,0.375,0.875,0.125,160.0,160.0,0.0,0.001,0.001,0.0,0.0,0.0,ok,element stress/strain cloud for affine analytic TET4 patch
analytic_uniaxial_stress_strain_patch_cloud,4,68,0.3125,0.9375,0.1875,160.0,160.0,0.0,0.001,0.001,0.0,0.0,0.0,ok,element stress/strain cloud for affine analytic TET4 patch
analytic_uniaxial_stress_strain_patch_cloud,4,69,0.4375,0.8125,0.1875,160.0,160.0,0.0,0.001,0.001,0.0,0.0,0.0,ok,element stress/strain cloud for affine analytic TET4 patch
analytic_uniaxial_stress_strain_patch_cloud,4,70,0.5625,0.8125,0.0625,160.0,160.0,0.0,0.001,0.001,0.0,0.0,0.0,ok,element stress/strain cloud for affine analytic TET4 patch
analytic_uniaxial_stress_strain_patch_cloud,4,71,0.6875,0.9375,0.0625,160.0,160.0,0.0,0.001,0.001,0.0,0.0,0.0,ok,element stress/strain cloud for affine analytic TET4 patch
analytic_uniaxial_stress_strain_patch_cloud,4,72,0.625,0.875,0.125,160.0,160.0,0.0,0.001,0.001,0.0,0.0,0.0,ok,element stress/strain cloud for affine analytic TET4 patch
analytic_uniaxial_stress_strain_patch_cloud,4,73,0.5625,0.9375,0.1875,160.0,160.0,0.0,0.001,0.001,0.0,0.0,0.0,ok,element stress/strain cloud for affine analytic TET4 patch
analytic_uniaxial_stress_strain_patch_cloud,4,74,0.6875,0.8125,0.1875,160.0,160.0,0.0,0.001,0.001,0.0,0.0,0.0,ok,element stress/strain cloud for affine analytic TET4 patch
analytic_uniaxial_stress_strain_patch_cloud,4,75,0.8125,0.8125,0.0625,160.0,160.0,0.0,0.001,0.001,0.0,0.0,0.0,ok,element stress/strain cloud for affine analytic TET4 patch
analytic_uniaxial_stress_strain_patch_cloud,4,76,0.9375,0.9375,0.0625,160.0,160.0,0.0,0.001,0.001,0.0,0.0,0.0,ok,element stress/strain cloud for affine analytic TET4 patch
analytic_uniaxial_stress_strain_patch_cloud,4,77,0.875,0.875,0.125,160.0,160.0,0.0,0.001,0.001,0.0,0.0,0.0,ok,element stress/strain cloud for affine analytic TET4 patch
analytic_uniaxial_stress_strain_patch_cloud,4,78,0.8125,0.9375,0.1875,160.0,160.0,0.0,0.001,0.001,0.0,0.0,0.0,ok,element stress/strain cloud for affine analytic TET4 patch
analytic_uniaxial_stress_strain_patch_cloud,4,79,0.9375,0.8125,0.1875,160.0,160.0,0.0,0.001,0.001,0.0,0.0,0.0,ok,element stress/strain cloud for affine analytic TET4 patch
analytic_uniaxial_stress_strain_patch_cloud,4,80,0.0625,0.0625,0.3125,160.0,160.0,0.0,0.001,0.001,0.0,0.0,0.0,ok,element stress/strain cloud for affine analytic TET4 patch
analytic_uniaxial_stress_strain_patch_cloud,4,81,0.1875,0.1875,0.3125,160.0,160.0,0.0,0.001,0.001,0.0,0.0,0.0,ok,element stress/strain cloud for affine analytic TET4 patch
analytic_uniaxial_stress_strain_patch_cloud,4,82,0.125,0.125,0.375,160.0,160.0,0.0,0.001,0.001,0.0,0.0,0.0,ok,element stress/strain cloud for affine analytic TET4 patch
analytic_uniaxial_stress_strain_patch_cloud,4,83,0.0625,0.1875,0.4375,160.0,160.0,0.0,0.001,0.001,0.0,0.0,0.0,ok,element stress/strain cloud for affine analytic TET4 patch
analytic_uniaxial_stress_strain_patch_cloud,4,84,0.1875,0.0625,0.4375,160.0,160.0,0.0,0.001,0.001,0.0,0.0,0.0,ok,element stress/strain cloud for affine analytic TET4 patch
analytic_uniaxial_stress_strain_patch_cloud,4,85,0.3125,0.0625,0.3125,160.0,160.0,0.0,0.001,0.001,0.0,0.0,0.0,ok,element stress/strain cloud for affine analytic TET4 patch
analytic_uniaxial_stress_strain_patch_cloud,4,86,0.4375,0.1875,0.3125,160.0,160.0,0.0,0.001,0.001,0.0,0.0,0.0,ok,element stress/strain cloud for affine analytic TET4 patch
analytic_uniaxial_stress_strain_patch_cloud,4,87,0.375,0.125,0.375,160.0,160.0,0.0,0.001,0.001,0.0,0.0,0.0,ok,element stress/strain cloud for affine analytic TET4 patch
analytic_uniaxial_stress_strain_patch_cloud,4,88,0.3125,0.1875,0.4375,160.0,160.0,0.0,0.001,0.001,0.0,0.0,0.0,ok,element stress/strain cloud for affine analytic TET4 patch
analytic_uniaxial_stress_strain_patch_cloud,4,89,0.4375,0.0625,0.4375,160.0,160.0,0.0,0.001,0.001,0.0,0.0,0.0,ok,element stress/strain cloud for affine analytic TET4 patch
analytic_uniaxial_stress_strain_patch_cloud,4,90,0.5625,0.0625,0.3125,160.0,160.0,0.0,0.001,0.001,0.0,0.0,0.0,ok,element stress/strain cloud for affine analytic TET4 patch
analytic_uniaxial_stress_strain_patch_cloud,4,91,0.6875,0.1875,0.3125,160.0,160.0,0.0,0.001,0.001,0.0,0.0,0.0,ok,element stress/strain cloud for affine analytic TET4 patch
analytic_uniaxial_stress_strain_patch_cloud,4,92,0.625,0.125,0.375,160.0,160.0,0.0,0.001,0.001,0.0,0.0,0.0,ok,element stress/strain cloud for affine analytic TET4 patch
analytic_uniaxial_stress_strain_patch_cloud,4,93,0.5625,0.1875,0.4375,160.0,160.0,0.0,0.001,0.001,0.0,0.0,0.0,ok,element stress/strain cloud for affine analytic TET4 patch
analytic_uniaxial_stress_strain_patch_cloud,4,94,0.6875,0.0625,0.4375,160.0,160.0,0.0,0.001,0.001,0.0,0.0,0.0,ok,element stress/strain cloud for affine analytic TET4 patch
analytic_uniaxial_stress_strain_patch_cloud,4,95,0.8125,0.0625,0.3125,160.0,160.0,0.0,0.001,0.001,0.0,0.0,0.0,ok,element stress/strain cloud for affine analytic TET4 patch
analytic_uniaxial_stress_strain_patch_cloud,4,96,0.9375,0.1875,0.3125,160.0,160.0,0.0,0.001,0.001,0.0,0.0,0.0,ok,element stress/strain cloud for affine analytic TET4 patch
analytic_uniaxial_stress_strain_patch_cloud,4,97,0.875,0.125,0.375,160.0,160.0,0.0,0.001,0.001,0.0,0.0,0.0,ok,element stress/strain cloud for affine analytic TET4 patch
analytic_uniaxial_stress_strain_patch_cloud,4,98,0.8125,0.1875,0.4375,160.0,160.0,0.0,0.001,0.001,0.0,0.0,0.0,ok,element stress/strain cloud for affine analytic TET4 patch
analytic_uniaxial_stress_strain_patch_cloud,4,99,0.9375,0.0625,0.4375,160.0,160.0,0.0,0.001,0.001,0.0,0.0,0.0,ok,element stress/strain cloud for affine analytic TET4 patch
analytic_uniaxial_stress_strain_patch_cloud,4,100,0.0625,0.3125,0.3125,160.0,160.0,0.0,0.001,0.001,0.0,0.0,0.0,ok,element stress/strain cloud for affine analytic TET4 patch
analytic_uniaxial_stress_strain_patch_cloud,4,101,0.1875,0.4375,0.3125,160.0,160.0,0.0,0.001,0.001,0.0,0.0,0.0,ok,element stress/strain cloud for affine analytic TET4 patch
analytic_uniaxial_stress_strain_patch_cloud,4,102,0.125,0.375,0.375,160.0,160.0,0.0,0.001,0.001,0.0,0.0,0.0,ok,element stress/strain cloud for affine analytic TET4 patch
analytic_uniaxial_stress_strain_patch_cloud,4,103,0.0625,0.4375,0.4375,160.0,160.0,0.0,0.001,0.001,0.0,0.0,0.0,ok,element stress/strain cloud for affine analytic TET4 patch
analytic_uniaxial_stress_strain_patch_cloud,4,104,0.1875,0.3125,0.4375,160.0,160.0,0.0,0.001,0.001,0.0,0.0,0.0,ok,element stress/strain cloud for affine analytic TET4 patch
analytic_uniaxial_stress_strain_patch_cloud,4,105,0.3125,0.3125,0.3125,160.0,160.0,0.0,0.001,0.001,0.0,0.0,0.0,ok,element stress/strain cloud for affine analytic TET4 patch
analytic_uniaxial_stress_strain_patch_cloud,4,106,0.4375,0.4375,0.3125,160.0,160.0,0.0,0.001,0.001,0.0,0.0,0.0,ok,element stress/strain cloud for affine analytic TET4 patch
analytic_uniaxial_stress_strain_patch_cloud,4,107,0.375,0.375,0.375,160.0,160.0,0.0,0.001,0.001,0.0,0.0,0.0,ok,element stress/strain cloud for affine analytic TET4 patch
analytic_uniaxial_stress_strain_patch_cloud,4,108,0.3125,0.4375,0.4375,160.0,160.0,0.0,0.001,0.001,0.0,0.0,0.0,ok,element stress/strain cloud for affine analytic TET4 patch
analytic_uniaxial_stress_strain_patch_cloud,4,109,0.4375,0.3125,0.4375,160.0,160.0,0.0,0.001,0.001,0.0,0.0,0.0,ok,element stress/strain cloud for affine analytic TET4 patch
analytic_uniaxial_stress_strain_patch_cloud,4,110,0.5625,0.3125,0.3125,160.0,160.0,0.0,0.001,0.001,0.0,0.0,0.0,ok,element stress/strain cloud for affine analytic TET4 patch
analytic_uniaxial_stress_strain_patch_cloud,4,111,0.6875,0.4375,0.3125,160.0,160.0,0.0,0.001,0.001,0.0,0.0,0.0,ok,element stress/strain cloud for affine analytic TET4 patch
analytic_uniaxial_stress_strain_patch_cloud,4,112,0.625,0.375,0.375,160.0,160.0,0.0,0.001,0.001,0.0,0.0,0.0,ok,element stress/strain cloud for affine analytic TET4 patch
analytic_uniaxial_stress_strain_patch_cloud,4,113,0.5625,0.4375,0.4375,160.0,160.0,0.0,0.001,0.001,0.0,0.0,0.0,ok,element stress/strain cloud for affine analytic TET4 patch
analytic_uniaxial_stress_strain_patch_cloud,4,114,0.6875,0.3125,0.4375,160.0,160.0,0.0,0.001,0.001,0.0,0.0,0.0,ok,element stress/strain cloud for affine analytic TET4 patch
analytic_uniaxial_stress_strain_patch_cloud,4,115,0.8125,0.3125,0.3125,160.0,160.0,0.0,0.001,0.001,0.0,0.0,0.0,ok,element stress/strain cloud for affine analytic TET4 patch
analytic_uniaxial_stress_strain_patch_cloud,4,116,0.9375,0.4375,0.3125,160.0,160.0,0.0,0.001,0.001,0.0,0.0,0.0,ok,element stress/strain cloud for affine analytic TET4 patch
analytic_uniaxial_stress_strain_patch_cloud,4,117,0.875,0.375,0.375,160.0,160.0,0.0,0.001,0.001,0.0,0.0,0.0,ok,element stress/strain cloud for affine analytic TET4 patch
analytic_uniaxial_stress_strain_patch_cloud,4,118,0.8125,0.4375,0.4375,160.0,160.0,0.0,0.001,0.001,0.0,0.0,0.0,ok,element stress/strain cloud for affine analytic TET4 patch
analytic_uniaxial_stress_strain_patch_cloud,4,119,0.9375,0.3125,0.4375,160.0,160.0,0.0,0.001,0.001,0.0,0.0,0.0,ok,element stress/strain cloud for affine analytic TET4 patch
analytic_uniaxial_stress_strain_patch_cloud,4,120,0.0625,0.5625,0.3125,160.0,160.0,0.0,0.001,0.001,0.0,0.0,0.0,ok,element stress/strain cloud for affine analytic TET4 patch
analytic_uniaxial_stress_strain_patch_cloud,4,121,0.1875,0.6875,0.3125,160.0,160.0,0.0,0.001,0.001,0.0,0.0,0.0,ok,element stress/strain cloud for affine analytic TET4 patch
analytic_uniaxial_stress_strain_patch_cloud,4,122,0.125,0.625,0.375,160.0,160.0,0.0,0.001,0.001,0.0,0.0,0.0,ok,element stress/strain cloud for affine analytic TET4 patch
analytic_uniaxial_stress_strain_patch_cloud,4,123,0.0625,0.6875,0.4375,160.0,160.0,0.0,0.001,0.001,0.0,0.0,0.0,ok,element stress/strain cloud for affine analytic TET4 patch
analytic_uniaxial_stress_strain_patch_cloud,4,124,0.1875,0.5625,0.4375,160.0,160.0,0.0,0.001,0.001,0.0,0.0,0.0,ok,element stress/strain cloud for affine analytic TET4 patch
analytic_uniaxial_stress_strain_patch_cloud,4,125,0.3125,0.5625,0.3125,160.0,160.0,0.0,0.001,0.001,0.0,0.0,0.0,ok,element stress/strain cloud for affine analytic TET4 patch
analytic_uniaxial_stress_strain_patch_cloud,4,126,0.4375,0.6875,0.3125,160.0,160.0,0.0,0.001,0.001,0.0,0.0,0.0,ok,element stress/strain cloud for affine analytic TET4 patch
analytic_uniaxial_stress_strain_patch_cloud,4,127,0.375,0.625,0.375,160.0,160.0,0.0,0.001,0.001,0.0,0.0,0.0,ok,element stress/strain cloud for affine analytic TET4 patch
analytic_uniaxial_stress_strain_patch_cloud,4,128,0.3125,0.6875,0.4375,160.0,160.0,0.0,0.001,0.001,0.0,0.0,0.0,ok,element stress/strain cloud for affine analytic TET4 patch
analytic_uniaxial_stress_strain_patch_cloud,4,129,0.4375,0.5625,0.4375,160.0,160.0,0.0,0.001,0.001,0.0,0.0,0.0,ok,element stress/strain cloud for affine analytic TET4 patch
analytic_uniaxial_stress_strain_patch_cloud,4,130,0.5625,0.5625,0.3125,160.0,160.0,0.0,0.001,0.001,0.0,0.0,0.0,ok,element stress/strain cloud for affine analytic TET4 patch
analytic_uniaxial_stress_strain_patch_cloud,4,131,0.6875,0.6875,0.3125,160.0,160.0,0.0,0.001,0.001,0.0,0.0,0.0,ok,element stress/strain cloud for affine analytic TET4 patch
analytic_uniaxial_stress_strain_patch_cloud,4,132,0.625,0.625,0.375,160.0,160.0,0.0,0.001,0.001,0.0,0.0,0.0,ok,element stress/strain cloud for affine analytic TET4 patch
analytic_uniaxial_stress_strain_patch_cloud,4,133,0.5625,0.6875,0.4375,160.0,160.0,0.0,0.001,0.001,0.0,0.0,0.0,ok,element stress/strain cloud for affine analytic TET4 patch
analytic_uniaxial_stress_strain_patch_cloud,4,134,0.6875,0.5625,0.4375,160.0,160.0,0.0,0.001,0.001,0.0,0.0,0.0,ok,element stress/strain cloud for affine analytic TET4 patch
analytic_uniaxial_stress_strain_patch_cloud,4,135,0.8125,0.5625,0.3125,160.0,160.0,0.0,0.001,0.001,0.0,0.0,0.0,ok,element stress/strain cloud for affine analytic TET4 patch
analytic_uniaxial_stress_strain_patch_cloud,4,136,0.9375,0.6875,0.3125,160.0,160.0,0.0,0.001,0.001,0.0,0.0,0.0,ok,element stress/strain cloud for affine analytic TET4 patch
analytic_uniaxial_stress_strain_patch_cloud,4,137,0.875,0.625,0.375,160.0,160.0,0.0,0.001,0.001,0.0,0.0,0.0,ok,element stress/strain cloud for affine analytic TET4 patch
analytic_uniaxial_stress_strain_patch_cloud,4,138,0.8125,0.6875,0.4375,160.0,160.0,0.0,0.001,0.001,0.0,0.0,0.0,ok,element stress/strain cloud for affine analytic TET4 patch
analytic_uniaxial_stress_strain_patch_cloud,4,139,0.9375,0.5625,0.4375,160.0,160.0,0.0,0.001,0.001,0.0,0.0,0.0,ok,element stress/strain cloud for affine analytic TET4 patch
analytic_uniaxial_stress_strain_patch_cloud,4,140,0.0625,0.8125,0.3125,160.0,160.0,0.0,0.001,0.001,0.0,0.0,0.0,ok,element stress/strain cloud for affine analytic TET4 patch
analytic_uniaxial_stress_strain_patch_cloud,4,141,0.1875,0.9375,0.3125,160.0,160.0,0.0,0.001,0.001,0.0,0.0,0.0,ok,element stress/strain cloud for affine analytic TET4 patch
analytic_uniaxial_stress_strain_patch_cloud,4,142,0.125,0.875,0.375,160.0,160.0,0.0,0.001,0.001,0.0,0.0,0.0,ok,element stress/strain cloud for affine analytic TET4 patch
analytic_uniaxial_stress_strain_patch_cloud,4,143,0.0625,0.9375,0.4375,160.0,160.0,0.0,0.001,0.001,0.0,0.0,0.0,ok,element stress/strain cloud for affine analytic TET4 patch
analytic_uniaxial_stress_strain_patch_cloud,4,144,0.1875,0.8125,0.4375,160.0,160.0,0.0,0.001,0.001,0.0,0.0,0.0,ok,element stress/strain cloud for affine analytic TET4 patch
analytic_uniaxial_stress_strain_patch_cloud,4,145,0.3125,0.8125,0.3125,160.0,160.0,0.0,0.001,0.001,0.0,0.0,0.0,ok,element stress/strain cloud for affine analytic TET4 patch
analytic_uniaxial_stress_strain_patch_cloud,4,146,0.4375,0.9375,0.3125,160.0,160.0,0.0,0.001,0.001,0.0,0.0,0.0,ok,element stress/strain cloud for affine analytic TET4 patch
analytic_uniaxial_stress_strain_patch_cloud,4,147,0.375,0.875,0.375,160.0,160.0,0.0,0.001,0.001,0.0,0.0,0.0,ok,element stress/strain cloud for affine analytic TET4 patch
analytic_uniaxial_stress_strain_patch_cloud,4,148,0.3125,0.9375,0.4375,160.0,160.0,0.0,0.001,0.001,0.0,0.0,0.0,ok,element stress/strain cloud for affine analytic TET4 patch
analytic_uniaxial_stress_strain_patch_cloud,4,149,0.4375,0.8125,0.4375,160.0,160.0,0.0,0.001,0.001,0.0,0.0,0.0,ok,element stress/strain cloud for affine analytic TET4 patch
analytic_uniaxial_stress_strain_patch_cloud,4,150,0.5625,0.8125,0.3125,160.0,160.0,0.0,0.001,0.001,0.0,0.0,0.0,ok,element stress/strain cloud for affine analytic TET4 patch
analytic_uniaxial_stress_strain_patch_cloud,4,151,0.6875,0.9375,0.3125,160.0,160.0,0.0,0.001,0.001,0.0,0.0,0.0,ok,element stress/strain cloud for affine analytic TET4 patch
analytic_uniaxial_stress_strain_patch_cloud,4,152,0.625,0.875,0.375,160.0,160.0,0.0,0.001,0.001,0.0,0.0,0.0,ok,element stress/strain cloud for affine analytic TET4 patch
analytic_uniaxial_stress_strain_patch_cloud,4,153,0.5625,0.9375,0.4375,160.0,160.0,0.0,0.001,0.001,0.0,0.0,0.0,ok,element stress/strain cloud for affine analytic TET4 patch
analytic_uniaxial_stress_strain_patch_cloud,4,154,0.6875,0.8125,0.4375,160.0,160.0,0.0,0.001,0.001,0.0,0.0,0.0,ok,element stress/strain cloud for affine analytic TET4 patch
analytic_uniaxial_stress_strain_patch_cloud,4,155,0.8125,0.8125,0.3125,160.0,160.0,0.0,0.001,0.001,0.0,0.0,0.0,ok,element stress/strain cloud for affine analytic TET4 patch
analytic_uniaxial_stress_strain_patch_cloud,4,156,0.9375,0.9375,0.3125,160.0,160.0,0.0,0.001,0.001,0.0,0.0,0.0,ok,element stress/strain cloud for affine analytic TET4 patch
analytic_uniaxial_stress_strain_patch_cloud,4,157,0.875,0.875,0.375,160.0,160.0,0.0,0.001,0.001,0.0,0.0,0.0,ok,element stress/strain cloud for affine analytic TET4 patch
analytic_uniaxial_stress_strain_patch_cloud,4,158,0.8125,0.9375,0.4375,160.0,160.0,0.0,0.001,0.001,0.0,0.0,0.0,ok,element stress/strain cloud for affine analytic TET4 patch
analytic_uniaxial_stress_strain_patch_cloud,4,159,0.9375,0.8125,0.4375,160.0,160.0,0.0,0.001,0.001,0.0,0.0,0.0,ok,element stress/strain cloud for affine analytic TET4 patch
analytic_uniaxial_stress_strain_patch_cloud,4,160,0.0625,0.0625,0.5625,160.0,160.0,0.0,0.001,0.001,0.0,0.0,0.0,ok,element stress/strain cloud for affine analytic TET4 patch
analytic_uniaxial_stress_strain_patch_cloud,4,161,0.1875,0.1875,0.5625,160.0,160.0,0.0,0.001,0.001,0.0,0.0,0.0,ok,element stress/strain cloud for affine analytic TET4 patch
analytic_uniaxial_stress_strain_patch_cloud,4,162,0.125,0.125,0.625,160.0,160.0,0.0,0.001,0.001,0.0,0.0,0.0,ok,element stress/strain cloud for affine analytic TET4 patch
analytic_uniaxial_stress_strain_patch_cloud,4,163,0.0625,0.1875,0.6875,160.0,160.0,0.0,0.001,0.001,0.0,0.0,0.0,ok,element stress/strain cloud for affine analytic TET4 patch
analytic_uniaxial_stress_strain_patch_cloud,4,164,0.1875,0.0625,0.6875,160.0,160.0,0.0,0.001,0.001,0.0,0.0,0.0,ok,element stress/strain cloud for affine analytic TET4 patch
analytic_uniaxial_stress_strain_patch_cloud,4,165,0.3125,0.0625,0.5625,160.0,160.0,0.0,0.001,0.001,0.0,0.0,0.0,ok,element stress/strain cloud for affine analytic TET4 patch
analytic_uniaxial_stress_strain_patch_cloud,4,166,0.4375,0.1875,0.5625,160.0,160.0,0.0,0.001,0.001,0.0,0.0,0.0,ok,element stress/strain cloud for affine analytic TET4 patch
analytic_uniaxial_stress_strain_patch_cloud,4,167,0.375,0.125,0.625,160.0,160.0,0.0,0.001,0.001,0.0,0.0,0.0,ok,element stress/strain cloud for affine analytic TET4 patch
analytic_uniaxial_stress_strain_patch_cloud,4,168,0.3125,0.1875,0.6875,160.0,160.0,0.0,0.001,0.001,0.0,0.0,0.0,ok,element stress/strain cloud for affine analytic TET4 patch
analytic_uniaxial_stress_strain_patch_cloud,4,169,0.4375,0.0625,0.6875,160.0,160.0,0.0,0.001,0.001,0.0,0.0,0.0,ok,element stress/strain cloud for affine analytic TET4 patch
analytic_uniaxial_stress_strain_patch_cloud,4,170,0.5625,0.0625,0.5625,160.0,160.0,0.0,0.001,0.001,0.0,0.0,0.0,ok,element stress/strain cloud for affine analytic TET4 patch
analytic_uniaxial_stress_strain_patch_cloud,4,171,0.6875,0.1875,0.5625,160.0,160.0,0.0,0.001,0.001,0.0,0.0,0.0,ok,element stress/strain cloud for affine analytic TET4 patch
analytic_uniaxial_stress_strain_patch_cloud,4,172,0.625,0.125,0.625,160.0,160.0,0.0,0.001,0.001,0.0,0.0,0.0,ok,element stress/strain cloud for affine analytic TET4 patch
analytic_uniaxial_stress_strain_patch_cloud,4,173,0.5625,0.1875,0.6875,160.0,160.0,0.0,0.001,0.001,0.0,0.0,0.0,ok,element stress/strain cloud for affine analytic TET4 patch
analytic_uniaxial_stress_strain_patch_cloud,4,174,0.6875,0.0625,0.6875,160.0,160.0,0.0,0.001,0.001,0.0,0.0,0.0,ok,element stress/strain cloud for affine analytic TET4 patch
analytic_uniaxial_stress_strain_patch_cloud,4,175,0.8125,0.0625,0.5625,160.0,160.0,0.0,0.001,0.001,0.0,0.0,0.0,ok,element stress/strain cloud for affine analytic TET4 patch
analytic_uniaxial_stress_strain_patch_cloud,4,176,0.9375,0.1875,0.5625,160.0,160.0,0.0,0.001,0.001,0.0,0.0,0.0,ok,element stress/strain cloud for affine analytic TET4 patch
analytic_uniaxial_stress_strain_patch_cloud,4,177,0.875,0.125,0.625,160.0,160.0,0.0,0.001,0.001,0.0,0.0,0.0,ok,element stress/strain cloud for affine analytic TET4 patch
analytic_uniaxial_stress_strain_patch_cloud,4,178,0.8125,0.1875,0.6875,160.0,160.0,0.0,0.001,0.001,0.0,0.0,0.0,ok,element stress/strain cloud for affine analytic TET4 patch
analytic_uniaxial_stress_strain_patch_cloud,4,179,0.9375,0.0625,0.6875,160.0,160.0,0.0,0.001,0.001,0.0,0.0,0.0,ok,element stress/strain cloud for affine analytic TET4 patch
analytic_uniaxial_stress_strain_patch_cloud,4,180,0.0625,0.3125,0.5625,160.0,160.0,0.0,0.001,0.001,0.0,0.0,0.0,ok,element stress/strain cloud for affine analytic TET4 patch
analytic_uniaxial_stress_strain_patch_cloud,4,181,0.1875,0.4375,0.5625,160.0,160.0,0.0,0.001,0.001,0.0,0.0,0.0,ok,element stress/strain cloud for affine analytic TET4 patch
analytic_uniaxial_stress_strain_patch_cloud,4,182,0.125,0.375,0.625,160.0,160.0,0.0,0.001,0.001,0.0,0.0,0.0,ok,element stress/strain cloud for affine analytic TET4 patch
analytic_uniaxial_stress_strain_patch_cloud,4,183,0.0625,0.4375,0.6875,160.0,160.0,0.0,0.001,0.001,0.0,0.0,0.0,ok,element stress/strain cloud for affine analytic TET4 patch
analytic_uniaxial_stress_strain_patch_cloud,4,184,0.1875,0.3125,0.6875,160.0,160.0,0.0,0.001,0.001,0.0,0.0,0.0,ok,element stress/strain cloud for affine analytic TET4 patch
analytic_uniaxial_stress_strain_patch_cloud,4,185,0.3125,0.3125,0.5625,160.0,160.0,0.0,0.001,0.001,0.0,0.0,0.0,ok,element stress/strain cloud for affine analytic TET4 patch
analytic_uniaxial_stress_strain_patch_cloud,4,186,0.4375,0.4375,0.5625,160.0,160.0,0.0,0.001,0.001,0.0,0.0,0.0,ok,element stress/strain cloud for affine analytic TET4 patch
analytic_uniaxial_stress_strain_patch_cloud,4,187,0.375,0.375,0.625,160.0,160.0,0.0,0.001,0.001,0.0,0.0,0.0,ok,element stress/strain cloud for affine analytic TET4 patch
analytic_uniaxial_stress_strain_patch_cloud,4,188,0.3125,0.4375,0.6875,160.0,160.0,0.0,0.001,0.001,0.0,0.0,0.0,ok,element stress/strain cloud for affine analytic TET4 patch
analytic_uniaxial_stress_strain_patch_cloud,4,189,0.4375,0.3125,0.6875,160.0,160.0,0.0,0.001,0.001,0.0,0.0,0.0,ok,element stress/strain cloud for affine analytic TET4 patch
analytic_uniaxial_stress_strain_patch_cloud,4,190,0.5625,0.3125,0.5625,160.0,160.0,0.0,0.001,0.001,0.0,0.0,0.0,ok,element stress/strain cloud for affine analytic TET4 patch
analytic_uniaxial_stress_strain_patch_cloud,4,191,0.6875,0.4375,0.5625,160.0,160.0,0.0,0.001,0.001,0.0,0.0,0.0,ok,element stress/strain cloud for affine analytic TET4 patch
analytic_uniaxial_stress_strain_patch_cloud,4,192,0.625,0.375,0.625,160.0,160.0,0.0,0.001,0.001,0.0,0.0,0.0,ok,element stress/strain cloud for affine analytic TET4 patch
analytic_uniaxial_stress_strain_patch_cloud,4,193,0.5625,0.4375,0.6875,160.0,160.0,0.0,0.001,0.001,0.0,0.0,0.0,ok,element stress/strain cloud for affine analytic TET4 patch
analytic_uniaxial_stress_strain_patch_cloud,4,194,0.6875,0.3125,0.6875,160.0,160.0,0.0,0.001,0.001,0.0,0.0,0.0,ok,element stress/strain cloud for affine analytic TET4 patch
analytic_uniaxial_stress_strain_patch_cloud,4,195,0.8125,0.3125,0.5625,160.0,160.0,0.0,0.001,0.001,0.0,0.0,0.0,ok,element stress/strain cloud for affine analytic TET4 patch
analytic_uniaxial_stress_strain_patch_cloud,4,196,0.9375,0.4375,0.5625,160.0,160.0,0.0,0.001,0.001,0.0,0.0,0.0,ok,element stress/strain cloud for affine analytic TET4 patch
analytic_uniaxial_stress_strain_patch_cloud,4,197,0.875,0.375,0.625,160.0,160.0,0.0,0.001,0.001,0.0,0.0,0.0,ok,element stress/strain cloud for affine analytic TET4 patch
analytic_uniaxial_stress_strain_patch_cloud,4,198,0.8125,0.4375,0.6875,160.0,160.0,0.0,0.001,0.001,0.0,0.0,0.0,ok,element stress/strain cloud for affine analytic TET4 patch
analytic_uniaxial_stress_strain_patch_cloud,4,199,0.9375,0.3125,0.6875,160.0,160.0,0.0,0.001,0.001,0.0,0.0,0.0,ok,element stress/strain cloud for affine analytic TET4 patch
analytic_uniaxial_stress_strain_patch_cloud,4,200,0.0625,0.5625,0.5625,160.0,160.0,0.0,0.001,0.001,0.0,0.0,0.0,ok,element stress/strain cloud for affine analytic TET4 patch
analytic_uniaxial_stress_strain_patch_cloud,4,201,0.1875,0.6875,0.5625,160.0,160.0,0.0,0.001,0.001,0.0,0.0,0.0,ok,element stress/strain cloud for affine analytic TET4 patch
analytic_uniaxial_stress_strain_patch_cloud,4,202,0.125,0.625,0.625,160.0,160.0,0.0,0.001,0.001,0.0,0.0,0.0,ok,element stress/strain cloud for affine analytic TET4 patch
analytic_uniaxial_stress_strain_patch_cloud,4,203,0.0625,0.6875,0.6875,160.0,160.0,0.0,0.001,0.001,0.0,0.0,0.0,ok,element stress/strain cloud for affine analytic TET4 patch
analytic_uniaxial_stress_strain_patch_cloud,4,204,0.1875,0.5625,0.6875,160.0,160.0,0.0,0.001,0.001,0.0,0.0,0.0,ok,element stress/strain cloud for affine analytic TET4 patch
analytic_uniaxial_stress_strain_patch_cloud,4,205,0.3125,0.5625,0.5625,160.0,160.0,0.0,0.001,0.001,0.0,0.0,0.0,ok,element stress/strain cloud for affine analytic TET4 patch
analytic_uniaxial_stress_strain_patch_cloud,4,206,0.4375,0.6875,0.5625,160.0,160.0,0.0,0.001,0.001,0.0,0.0,0.0,ok,element stress/strain cloud for affine analytic TET4 patch
analytic_uniaxial_stress_strain_patch_cloud,4,207,0.375,0.625,0.625,160.0,160.0,0.0,0.001,0.001,0.0,0.0,0.0,ok,element stress/strain cloud for affine analytic TET4 patch
analytic_uniaxial_stress_strain_patch_cloud,4,208,0.3125,0.6875,0.6875,160.0,160.0,0.0,0.001,0.001,0.0,0.0,0.0,ok,element stress/strain cloud for affine analytic TET4 patch
analytic_uniaxial_stress_strain_patch_cloud,4,209,0.4375,0.5625,0.6875,160.0,160.0,0.0,0.001,0.001,0.0,0.0,0.0,ok,element stress/strain cloud for affine analytic TET4 patch
analytic_uniaxial_stress_strain_patch_cloud,4,210,0.5625,0.5625,0.5625,160.0,160.0,0.0,0.001,0.001,0.0,0.0,0.0,ok,element stress/strain cloud for affine analytic TET4 patch
analytic_uniaxial_stress_strain_patch_cloud,4,211,0.6875,0.6875,0.5625,160.0,160.0,0.0,0.001,0.001,0.0,0.0,0.0,ok,element stress/strain cloud for affine analytic TET4 patch
analytic_uniaxial_stress_strain_patch_cloud,4,212,0.625,0.625,0.625,160.0,160.0,0.0,0.001,0.001,0.0,0.0,0.0,ok,element stress/strain cloud for affine analytic TET4 patch
analytic_uniaxial_stress_strain_patch_cloud,4,213,0.5625,0.6875,0.6875,160.0,160.0,0.0,0.001,0.001,0.0,0.0,0.0,ok,element stress/strain cloud for affine analytic TET4 patch
analytic_uniaxial_stress_strain_patch_cloud,4,214,0.6875,0.5625,0.6875,160.0,160.0,0.0,0.001,0.001,0.0,0.0,0.0,ok,element stress/strain cloud for affine analytic TET4 patch
analytic_uniaxial_stress_strain_patch_cloud,4,215,0.8125,0.5625,0.5625,160.0,160.0,0.0,0.001,0.001,0.0,0.0,0.0,ok,element stress/strain cloud for affine analytic TET4 patch
analytic_uniaxial_stress_strain_patch_cloud,4,216,0.9375,0.6875,0.5625,160.0,160.0,0.0,0.001,0.001,0.0,0.0,0.0,ok,element stress/strain cloud for affine analytic TET4 patch
analytic_uniaxial_stress_strain_patch_cloud,4,217,0.875,0.625,0.625,160.0,160.0,0.0,0.001,0.001,0.0,0.0,0.0,ok,element stress/strain cloud for affine analytic TET4 patch
analytic_uniaxial_stress_strain_patch_cloud,4,218,0.8125,0.6875,0.6875,160.0,160.0,0.0,0.001,0.001,0.0,0.0,0.0,ok,element stress/strain cloud for affine analytic TET4 patch
analytic_uniaxial_stress_strain_patch_cloud,4,219,0.9375,0.5625,0.6875,160.0,160.0,0.0,0.001,0.001,0.0,0.0,0.0,ok,element stress/strain cloud for affine analytic TET4 patch
analytic_uniaxial_stress_strain_patch_cloud,4,220,0.0625,0.8125,0.5625,160.0,160.0,0.0,0.001,0.001,0.0,0.0,0.0,ok,element stress/strain cloud for affine analytic TET4 patch
analytic_uniaxial_stress_strain_patch_cloud,4,221,0.1875,0.9375,0.5625,160.0,160.0,0.0,0.001,0.001,0.0,0.0,0.0,ok,element stress/strain cloud for affine analytic TET4 patch
analytic_uniaxial_stress_strain_patch_cloud,4,222,0.125,0.875,0.625,160.0,160.0,0.0,0.001,0.001,0.0,0.0,0.0,ok,element stress/strain cloud for affine analytic TET4 patch
analytic_uniaxial_stress_strain_patch_cloud,4,223,0.0625,0.9375,0.6875,160.0,160.0,0.0,0.001,0.001,0.0,0.0,0.0,ok,element stress/strain cloud for affine analytic TET4 patch
analytic_uniaxial_stress_strain_patch_cloud,4,224,0.1875,0.8125,0.6875,160.0,160.0,0.0,0.001,0.001,0.0,0.0,0.0,ok,element stress/strain cloud for affine analytic TET4 patch
analytic_uniaxial_stress_strain_patch_cloud,4,225,0.3125,0.8125,0.5625,160.0,160.0,0.0,0.001,0.001,0.0,0.0,0.0,ok,element stress/strain cloud for affine analytic TET4 patch
analytic_uniaxial_stress_strain_patch_cloud,4,226,0.4375,0.9375,0.5625,160.0,160.0,0.0,0.001,0.001,0.0,0.0,0.0,ok,element stress/strain cloud for affine analytic TET4 patch
analytic_uniaxial_stress_strain_patch_cloud,4,227,0.375,0.875,0.625,160.0,160.0,0.0,0.001,0.001,0.0,0.0,0.0,ok,element stress/strain cloud for affine analytic TET4 patch
analytic_uniaxial_stress_strain_patch_cloud,4,228,0.3125,0.9375,0.6875,160.0,160.0,0.0,0.001,0.001,0.0,0.0,0.0,ok,element stress/strain cloud for affine analytic TET4 patch
analytic_uniaxial_stress_strain_patch_cloud,4,229,0.4375,0.8125,0.6875,160.0,160.0,0.0,0.001,0.001,0.0,0.0,0.0,ok,element stress/strain cloud for affine analytic TET4 patch
analytic_uniaxial_stress_strain_patch_cloud,4,230,0.5625,0.8125,0.5625,160.0,160.0,0.0,0.001,0.001,0.0,0.0,0.0,ok,element stress/strain cloud for affine analytic TET4 patch
analytic_uniaxial_stress_strain_patch_cloud,4,231,0.6875,0.9375,0.5625,160.0,160.0,0.0,0.001,0.001,0.0,0.0,0.0,ok,element stress/strain cloud for affine analytic TET4 patch
analytic_uniaxial_stress_strain_patch_cloud,4,232,0.625,0.875,0.625,160.0,160.0,0.0,0.001,0.001,0.0,0.0,0.0,ok,element stress/strain cloud for affine analytic TET4 patch
analytic_uniaxial_stress_strain_patch_cloud,4,233,0.5625,0.9375,0.6875,160.0,160.0,0.0,0.001,0.001,0.0,0.0,0.0,ok,element stress/strain cloud for affine analytic TET4 patch
analytic_uniaxial_stress_strain_patch_cloud,4,234,0.6875,0.8125,0.6875,160.0,160.0,0.0,0.001,0.001,0.0,0.0,0.0,ok,element stress/strain cloud for affine analytic TET4 patch
analytic_uniaxial_stress_strain_patch_cloud,4,235,0.8125,0.8125,0.5625,160.0,160.0,0.0,0.001,0.001,0.0,0.0,0.0,ok,element stress/strain cloud for affine analytic TET4 patch
analytic_uniaxial_stress_strain_patch_cloud,4,236,0.9375,0.9375,0.5625,160.0,160.0,0.0,0.001,0.001,0.0,0.0,0.0,ok,element stress/strain cloud for affine analytic TET4 patch
analytic_uniaxial_stress_strain_patch_cloud,4,237,0.875,0.875,0.625,160.0,160.0,0.0,0.001,0.001,0.0,0.0,0.0,ok,element stress/strain cloud for affine analytic TET4 patch
analytic_uniaxial_stress_strain_patch_cloud,4,238,0.8125,0.9375,0.6875,160.0,160.0,0.0,0.001,0.001,0.0,0.0,0.0,ok,element stress/strain cloud for affine analytic TET4 patch
analytic_uniaxial_stress_strain_patch_cloud,4,239,0.9375,0.8125,0.6875,160.0,160.0,0.0,0.001,0.001,0.0,0.0,0.0,ok,element stress/strain cloud for affine analytic TET4 patch
analytic_uniaxial_stress_strain_patch_cloud,4,240,0.0625,0.0625,0.8125,160.0,160.0,0.0,0.001,0.001,0.0,0.0,0.0,ok,element stress/strain cloud for affine analytic TET4 patch
analytic_uniaxial_stress_strain_patch_cloud,4,241,0.1875,0.1875,0.8125,160.0,160.0,0.0,0.001,0.001,0.0,0.0,0.0,ok,element stress/strain cloud for affine analytic TET4 patch
analytic_uniaxial_stress_strain_patch_cloud,4,242,0.125,0.125,0.875,160.0,160.0,0.0,0.001,0.001,0.0,0.0,0.0,ok,element stress/strain cloud for affine analytic TET4 patch
analytic_uniaxial_stress_strain_patch_cloud,4,243,0.0625,0.1875,0.9375,160.0,160.0,0.0,0.001,0.001,0.0,0.0,0.0,ok,element stress/strain cloud for affine analytic TET4 patch
analytic_uniaxial_stress_strain_patch_cloud,4,244,0.1875,0.0625,0.9375,160.0,160.0,0.0,0.001,0.001,0.0,0.0,0.0,ok,element stress/strain cloud for affine analytic TET4 patch
analytic_uniaxial_stress_strain_patch_cloud,4,245,0.3125,0.0625,0.8125,160.0,160.0,0.0,0.001,0.001,0.0,0.0,0.0,ok,element stress/strain cloud for affine analytic TET4 patch
analytic_uniaxial_stress_strain_patch_cloud,4,246,0.4375,0.1875,0.8125,160.0,160.0,0.0,0.001,0.001,0.0,0.0,0.0,ok,element stress/strain cloud for affine analytic TET4 patch
analytic_uniaxial_stress_strain_patch_cloud,4,247,0.375,0.125,0.875,160.0,160.0,0.0,0.001,0.001,0.0,0.0,0.0,ok,element stress/strain cloud for affine analytic TET4 patch
analytic_uniaxial_stress_strain_patch_cloud,4,248,0.3125,0.1875,0.9375,160.0,160.0,0.0,0.001,0.001,0.0,0.0,0.0,ok,element stress/strain cloud for affine analytic TET4 patch
analytic_uniaxial_stress_strain_patch_cloud,4,249,0.4375,0.0625,0.9375,160.0,160.0,0.0,0.001,0.001,0.0,0.0,0.0,ok,element stress/strain cloud for affine analytic TET4 patch
analytic_uniaxial_stress_strain_patch_cloud,4,250,0.5625,0.0625,0.8125,160.0,160.0,0.0,0.001,0.001,0.0,0.0,0.0,ok,element stress/strain cloud for affine analytic TET4 patch
analytic_uniaxial_stress_strain_patch_cloud,4,251,0.6875,0.1875,0.8125,160.0,160.0,0.0,0.001,0.001,0.0,0.0,0.0,ok,element stress/strain cloud for affine analytic TET4 patch
analytic_uniaxial_stress_strain_patch_cloud,4,252,0.625,0.125,0.875,160.0,160.0,0.0,0.001,0.001,0.0,0.0,0.0,ok,element stress/strain cloud for affine analytic TET4 patch
analytic_uniaxial_stress_strain_patch_cloud,4,253,0.5625,0.1875,0.9375,160.0,160.0,0.0,0.001,0.001,0.0,0.0,0.0,ok,element stress/strain cloud for affine analytic TET4 patch
analytic_uniaxial_stress_strain_patch_cloud,4,254,0.6875,0.0625,0.9375,160.0,160.0,0.0,0.001,0.001,0.0,0.0,0.0,ok,element stress/strain cloud for affine analytic TET4 patch
analytic_uniaxial_stress_strain_patch_cloud,4,255,0.8125,0.0625,0.8125,160.0,160.0,0.0,0.001,0.001,0.0,0.0,0.0,ok,element stress/strain cloud for affine analytic TET4 patch
analytic_uniaxial_stress_strain_patch_cloud,4,256,0.9375,0.1875,0.8125,160.0,160.0,0.0,0.001,0.001,0.0,0.0,0.0,ok,element stress/strain cloud for affine analytic TET4 patch
analytic_uniaxial_stress_strain_patch_cloud,4,257,0.875,0.125,0.875,160.0,160.0,0.0,0.001,0.001,0.0,0.0,0.0,ok,element stress/strain cloud for affine analytic TET4 patch
analytic_uniaxial_stress_strain_patch_cloud,4,258,0.8125,0.1875,0.9375,160.0,160.0,0.0,0.001,0.001,0.0,0.0,0.0,ok,element stress/strain cloud for affine analytic TET4 patch
analytic_uniaxial_stress_strain_patch_cloud,4,259,0.9375,0.0625,0.9375,160.0,160.0,0.0,0.001,0.001,0.0,0.0,0.0,ok,element stress/strain cloud for affine analytic TET4 patch
analytic_uniaxial_stress_strain_patch_cloud,4,260,0.0625,0.3125,0.8125,160.0,160.0,0.0,0.001,0.001,0.0,0.0,0.0,ok,element stress/strain cloud for affine analytic TET4 patch
analytic_uniaxial_stress_strain_patch_cloud,4,261,0.1875,0.4375,0.8125,160.0,160.0,0.0,0.001,0.001,0.0,0.0,0.0,ok,element stress/strain cloud for affine analytic TET4 patch
analytic_uniaxial_stress_strain_patch_cloud,4,262,0.125,0.375,0.875,160.0,160.0,0.0,0.001,0.001,0.0,0.0,0.0,ok,element stress/strain cloud for affine analytic TET4 patch
analytic_uniaxial_stress_strain_patch_cloud,4,263,0.0625,0.4375,0.9375,160.0,160.0,0.0,0.001,0.001,0.0,0.0,0.0,ok,element stress/strain cloud for affine analytic TET4 patch
analytic_uniaxial_stress_strain_patch_cloud,4,264,0.1875,0.3125,0.9375,160.0,160.0,0.0,0.001,0.001,0.0,0.0,0.0,ok,element stress/strain cloud for affine analytic TET4 patch
analytic_uniaxial_stress_strain_patch_cloud,4,265,0.3125,0.3125,0.8125,160.0,160.0,0.0,0.001,0.001,0.0,0.0,0.0,ok,element stress/strain cloud for affine analytic TET4 patch
analytic_uniaxial_stress_strain_patch_cloud,4,266,0.4375,0.4375,0.8125,160.0,160.0,0.0,0.001,0.001,0.0,0.0,0.0,ok,element stress/strain cloud for affine analytic TET4 patch
analytic_uniaxial_stress_strain_patch_cloud,4,267,0.375,0.375,0.875,160.0,160.0,0.0,0.001,0.001,0.0,0.0,0.0,ok,element stress/strain cloud for affine analytic TET4 patch
analytic_uniaxial_stress_strain_patch_cloud,4,268,0.3125,0.4375,0.9375,160.0,160.0,0.0,0.001,0.001,0.0,0.0,0.0,ok,element stress/strain cloud for affine analytic TET4 patch
analytic_uniaxial_stress_strain_patch_cloud,4,269,0.4375,0.3125,0.9375,160.0,160.0,0.0,0.001,0.001,0.0,0.0,0.0,ok,element stress/strain cloud for affine analytic TET4 patch
analytic_uniaxial_stress_strain_patch_cloud,4,270,0.5625,0.3125,0.8125,160.0,160.0,0.0,0.001,0.001,0.0,0.0,0.0,ok,element stress/strain cloud for affine analytic TET4 patch
analytic_uniaxial_stress_strain_patch_cloud,4,271,0.6875,0.4375,0.8125,160.0,160.0,0.0,0.001,0.001,0.0,0.0,0.0,ok,element stress/strain cloud for affine analytic TET4 patch
analytic_uniaxial_stress_strain_patch_cloud,4,272,0.625,0.375,0.875,160.0,160.0,0.0,0.001,0.001,0.0,0.0,0.0,ok,element stress/strain cloud for affine analytic TET4 patch
analytic_uniaxial_stress_strain_patch_cloud,4,273,0.5625,0.4375,0.9375,160.0,160.0,0.0,0.001,0.001,0.0,0.0,0.0,ok,element stress/strain cloud for affine analytic TET4 patch
analytic_uniaxial_stress_strain_patch_cloud,4,274,0.6875,0.3125,0.9375,160.0,160.0,0.0,0.001,0.001,0.0,0.0,0.0,ok,element stress/strain cloud for affine analytic TET4 patch
analytic_uniaxial_stress_strain_patch_cloud,4,275,0.8125,0.3125,0.8125,160.0,160.0,0.0,0.001,0.001,0.0,0.0,0.0,ok,element stress/strain cloud for affine analytic TET4 patch
analytic_uniaxial_stress_strain_patch_cloud,4,276,0.9375,0.4375,0.8125,160.0,160.0,0.0,0.001,0.001,0.0,0.0,0.0,ok,element stress/strain cloud for affine analytic TET4 patch
analytic_uniaxial_stress_strain_patch_cloud,4,277,0.875,0.375,0.875,160.0,160.0,0.0,0.001,0.001,0.0,0.0,0.0,ok,element stress/strain cloud for affine analytic TET4 patch
analytic_uniaxial_stress_strain_patch_cloud,4,278,0.8125,0.4375,0.9375,160.0,160.0,0.0,0.001,0.001,0.0,0.0,0.0,ok,element stress/strain cloud for affine analytic TET4 patch
analytic_uniaxial_stress_strain_patch_cloud,4,279,0.9375,0.3125,0.9375,160.0,160.0,0.0,0.001,0.001,0.0,0.0,0.0,ok,element stress/strain cloud for affine analytic TET4 patch
analytic_uniaxial_stress_strain_patch_cloud,4,280,0.0625,0.5625,0.8125,160.0,160.0,0.0,0.001,0.001,0.0,0.0,0.0,ok,element stress/strain cloud for affine analytic TET4 patch
analytic_uniaxial_stress_strain_patch_cloud,4,281,0.1875,0.6875,0.8125,160.0,160.0,0.0,0.001,0.001,0.0,0.0,0.0,ok,element stress/strain cloud for affine analytic TET4 patch
analytic_uniaxial_stress_strain_patch_cloud,4,282,0.125,0.625,0.875,160.0,160.0,0.0,0.001,0.001,0.0,0.0,0.0,ok,element stress/strain cloud for affine analytic TET4 patch
analytic_uniaxial_stress_strain_patch_cloud,4,283,0.0625,0.6875,0.9375,160.0,160.0,0.0,0.001,0.001,0.0,0.0,0.0,ok,element stress/strain cloud for affine analytic TET4 patch
analytic_uniaxial_stress_strain_patch_cloud,4,284,0.1875,0.5625,0.9375,160.0,160.0,0.0,0.001,0.001,0.0,0.0,0.0,ok,element stress/strain cloud for affine analytic TET4 patch
analytic_uniaxial_stress_strain_patch_cloud,4,285,0.3125,0.5625,0.8125,160.0,160.0,0.0,0.001,0.001,0.0,0.0,0.0,ok,element stress/strain cloud for affine analytic TET4 patch
analytic_uniaxial_stress_strain_patch_cloud,4,286,0.4375,0.6875,0.8125,160.0,160.0,0.0,0.001,0.001,0.0,0.0,0.0,ok,element stress/strain cloud for affine analytic TET4 patch
analytic_uniaxial_stress_strain_patch_cloud,4,287,0.375,0.625,0.875,160.0,160.0,0.0,0.001,0.001,0.0,0.0,0.0,ok,element stress/strain cloud for affine analytic TET4 patch
analytic_uniaxial_stress_strain_patch_cloud,4,288,0.3125,0.6875,0.9375,160.0,160.0,0.0,0.001,0.001,0.0,0.0,0.0,ok,element stress/strain cloud for affine analytic TET4 patch
analytic_uniaxial_stress_strain_patch_cloud,4,289,0.4375,0.5625,0.9375,160.0,160.0,0.0,0.001,0.001,0.0,0.0,0.0,ok,element stress/strain cloud for affine analytic TET4 patch
analytic_uniaxial_stress_strain_patch_cloud,4,290,0.5625,0.5625,0.8125,160.0,160.0,0.0,0.001,0.001,0.0,0.0,0.0,ok,element stress/strain cloud for affine analytic TET4 patch
analytic_uniaxial_stress_strain_patch_cloud,4,291,0.6875,0.6875,0.8125,160.0,160.0,0.0,0.001,0.001,0.0,0.0,0.0,ok,element stress/strain cloud for affine analytic TET4 patch
analytic_uniaxial_stress_strain_patch_cloud,4,292,0.625,0.625,0.875,160.0,160.0,0.0,0.001,0.001,0.0,0.0,0.0,ok,element stress/strain cloud for affine analytic TET4 patch
analytic_uniaxial_stress_strain_patch_cloud,4,293,0.5625,0.6875,0.9375,160.0,160.0,0.0,0.001,0.001,0.0,0.0,0.0,ok,element stress/strain cloud for affine analytic TET4 patch
analytic_uniaxial_stress_strain_patch_cloud,4,294,0.6875,0.5625,0.9375,160.0,160.0,0.0,0.001,0.001,0.0,0.0,0.0,ok,element stress/strain cloud for affine analytic TET4 patch
analytic_uniaxial_stress_strain_patch_cloud,4,295,0.8125,0.5625,0.8125,160.0,160.0,0.0,0.001,0.001,0.0,0.0,0.0,ok,element stress/strain cloud for affine analytic TET4 patch
analytic_uniaxial_stress_strain_patch_cloud,4,296,0.9375,0.6875,0.8125,160.0,160.0,0.0,0.001,0.001,0.0,0.0,0.0,ok,element stress/strain cloud for affine analytic TET4 patch
analytic_uniaxial_stress_strain_patch_cloud,4,297,0.875,0.625,0.875,160.0,160.0,0.0,0.001,0.001,0.0,0.0,0.0,ok,element stress/strain cloud for affine analytic TET4 patch
analytic_uniaxial_stress_strain_patch_cloud,4,298,0.8125,0.6875,0.9375,160.0,160.0,0.0,0.001,0.001,0.0,0.0,0.0,ok,element stress/strain cloud for affine analytic TET4 patch
analytic_uniaxial_stress_strain_patch_cloud,4,299,0.9375,0.5625,0.9375,160.0,160.0,0.0,0.001,0.001,0.0,0.0,0.0,ok,element stress/strain cloud for affine analytic TET4 patch
analytic_uniaxial_stress_strain_patch_cloud,4,300,0.0625,0.8125,0.8125,160.0,160.0,0.0,0.001,0.001,0.0,0.0,0.0,ok,element stress/strain cloud for affine analytic TET4 patch
analytic_uniaxial_stress_strain_patch_cloud,4,301,0.1875,0.9375,0.8125,160.0,160.0,0.0,0.001,0.001,0.0,0.0,0.0,ok,element stress/strain cloud for affine analytic TET4 patch
analytic_uniaxial_stress_strain_patch_cloud,4,302,0.125,0.875,0.875,160.0,160.0,0.0,0.001,0.001,0.0,0.0,0.0,ok,element stress/strain cloud for affine analytic TET4 patch
analytic_uniaxial_stress_strain_patch_cloud,4,303,0.0625,0.9375,0.9375,160.0,160.0,0.0,0.001,0.001,0.0,0.0,0.0,ok,element stress/strain cloud for affine analytic TET4 patch
analytic_uniaxial_stress_strain_patch_cloud,4,304,0.1875,0.8125,0.9375,160.0,160.0,0.0,0.001,0.001,0.0,0.0,0.0,ok,element stress/strain cloud for affine analytic TET4 patch
analytic_uniaxial_stress_strain_patch_cloud,4,305,0.3125,0.8125,0.8125,160.0,160.0,0.0,0.001,0.001,0.0,0.0,0.0,ok,element stress/strain cloud for affine analytic TET4 patch
analytic_uniaxial_stress_strain_patch_cloud,4,306,0.4375,0.9375,0.8125,160.0,160.0,0.0,0.001,0.001,0.0,0.0,0.0,ok,element stress/strain cloud for affine analytic TET4 patch
analytic_uniaxial_stress_strain_patch_cloud,4,307,0.375,0.875,0.875,160.0,160.0,0.0,0.001,0.001,0.0,0.0,0.0,ok,element stress/strain cloud for affine analytic TET4 patch
analytic_uniaxial_stress_strain_patch_cloud,4,308,0.3125,0.9375,0.9375,160.0,160.0,0.0,0.001,0.001,0.0,0.0,0.0,ok,element stress/strain cloud for affine analytic TET4 patch
analytic_uniaxial_stress_strain_patch_cloud,4,309,0.4375,0.8125,0.9375,160.0,160.0,0.0,0.001,0.001,0.0,0.0,0.0,ok,element stress/strain cloud for affine analytic TET4 patch
analytic_uniaxial_stress_strain_patch_cloud,4,310,0.5625,0.8125,0.8125,160.0,160.0,0.0,0.001,0.001,0.0,0.0,0.0,ok,element stress/strain cloud for affine analytic TET4 patch
analytic_uniaxial_stress_strain_patch_cloud,4,311,0.6875,0.9375,0.8125,160.0,160.0,0.0,0.001,0.001,0.0,0.0,0.0,ok,element stress/strain cloud for affine analytic TET4 patch
analytic_uniaxial_stress_strain_patch_cloud,4,312,0.625,0.875,0.875,160.0,160.0,0.0,0.001,0.001,0.0,0.0,0.0,ok,element stress/strain cloud for affine analytic TET4 patch
analytic_uniaxial_stress_strain_patch_cloud,4,313,0.5625,0.9375,0.9375,160.0,160.0,0.0,0.001,0.001,0.0,0.0,0.0,ok,element stress/strain cloud for affine analytic TET4 patch
analytic_uniaxial_stress_strain_patch_cloud,4,314,0.6875,0.8125,0.9375,160.0,160.0,0.0,0.001,0.001,0.0,0.0,0.0,ok,element stress/strain cloud for affine analytic TET4 patch
analytic_uniaxial_stress_strain_patch_cloud,4,315,0.8125,0.8125,0.8125,160.0,160.0,0.0,0.001,0.001,0.0,0.0,0.0,ok,element stress/strain cloud for affine analytic TET4 patch
analytic_uniaxial_stress_strain_patch_cloud,4,316,0.9375,0.9375,0.8125,160.0,160.0,0.0,0.001,0.001,0.0,0.0,0.0,ok,element stress/strain cloud for affine analytic TET4 patch
analytic_uniaxial_stress_strain_patch_cloud,4,317,0.875,0.875,0.875,160.0,160.0,0.0,0.001,0.001,0.0,0.0,0.0,ok,element stress/strain cloud for affine analytic TET4 patch
analytic_uniaxial_stress_strain_patch_cloud,4,318,0.8125,0.9375,0.9375,160.0,160.0,0.0,0.001,0.001,0.0,0.0,0.0,ok,element stress/strain cloud for affine analytic TET4 patch
analytic_uniaxial_stress_strain_patch_cloud,4,319,0.9375,0.8125,0.9375,160.0,160.0,0.0,0.001,0.001,0.0,0.0,0.0,ok,element stress/strain cloud for affine analytic TET4 patch
