case,resolution,time,z_cm,min_gap,max_penetration,active_contact_count,normal_force,contact_energy,sdf_replay_min_gap,sdf_replay_normal_force,newton_iterations,newton_residual_norm,linearity,element_type,wall_time_seconds
block_block_c3d8,4,0.0,0.385,0.014999999999999951,0.0,0,0.0,0.0,0.014999999999999951,0.0,2,1.9812207719730323e-14,linear_damped,C3D8,35.59371939999983
block_block_c3d8,4,0.02,0.38470049261083733,0.014700492610837269,0.0,0,0.0,0.0,0.014700492610837269,0.0,2,4.1714429080246166e-14,linear_damped,C3D8,35.59371939999983
block_block_c3d8,4,0.04,0.38440195588342313,0.014401955883422878,0.0,0,0.0,0.0,0.014401955883422878,0.0,2,5.680741405774083e-14,linear_damped,C3D8,35.59371939999983
block_block_c3d8,4,0.06,0.3841043611282475,0.014104361128246524,0.0,0,0.0,0.0,0.014104361128246524,0.0,2,9.243927096330742e-14,linear_damped,C3D8,35.59371939999983
block_block_c3d8,4,0.08,0.38380768050376657,0.013807680503763908,0.0,0,0.0,0.0,0.013807680503763908,0.0,2,1.1440137962542577e-13,linear_damped,C3D8,35.59371939999983
block_block_c3d8,4,0.1,0.38351188699133887,0.013511886991333474,0.0,0,0.0,0.0,0.013511886991333474,0.0,2,1.1390438449375982e-13,linear_damped,C3D8,35.59371939999983
block_block_c3d8,4,0.12,0.38321695437090314,0.013216954370894096,0.0,0,0.0,0.0,0.013216954370894096,0.0,2,1.6949667599365673e-13,linear_damped,C3D8,35.59371939999983
block_block_c3d8,4,0.14,0.3829228571973757,0.012922857197361403,0.0,0,0.0,0.0,0.012922857197361403,0.0,2,1.979699825620262e-13,linear_damped,C3D8,35.59371939999983
block_block_c3d8,4,0.16,0.3826295707777444,0.012629570777723637,0.0,0,0.0,0.0,0.012629570777723637,0.0,2,1.9562911580981662e-13,linear_damped,C3D8,35.59371939999983
block_block_c3d8,4,0.18,0.38233707114884014,0.012337071148812549,0.0,0,0.0,0.0,0.012337071148812549,0.0,2,2.024114677390927e-13,linear_damped,C3D8,35.59371939999983
block_block_c3d8,4,0.2,0.38204533505576466,0.012045335055729748,0.0,0,0.0,0.0,0.012045335055729748,0.0,2,2.3578324249640544e-13,linear_damped,C3D8,35.59371939999983
block_block_c3d8,4,0.22,0.38175433993095714,0.011754339930914352,0.0,0,0.0,0.0,0.011754339930914352,0.0,2,2.2102624673455196e-13,linear_damped,C3D8,35.59371939999983
block_block_c3d8,4,0.24,0.3814640638738779,0.01146406387382659,0.0,0,0.0,0.0,0.01146406387382659,0.0,2,2.275757776826377e-13,linear_damped,C3D8,35.59371939999983
block_block_c3d8,4,0.26,0.38117448563129297,0.011174485631232127,0.0,0,0.0,0.0,0.011174485631232127,0.0,2,3.514774340957281e-13,linear_damped,C3D8,35.59371939999983
block_block_c3d8,4,0.28,0.3808855845781411,0.010885584578070765,0.0,0,0.0,0.0,0.010885584578070765,0.0,2,3.1256486820619793e-13,linear_damped,C3D8,35.59371939999983
block_block_c3d8,4,0.3,0.38059734069897,0.01059734069889056,0.0,0,0.0,0.0,0.01059734069889056,0.0,2,3.443499245720659e-13,linear_damped,C3D8,35.59371939999983
block_block_c3d8,4,0.32,0.38030973456991995,0.010309734569830704,0.0,0,0.0,0.0,0.010309734569830704,0.0,2,4.5100844595983196e-13,linear_damped,C3D8,35.59371939999983
block_block_c3d8,4,0.34,0.38002274734123553,0.010022747341130617,0.0,0,0.0,0.0,0.010022747341130617,0.0,2,3.475047064928583e-13,linear_damped,C3D8,35.59371939999983
block_block_c3d8,4,0.36,0.37973636072029393,0.009736360720169169,0.0,0,0.0,0.0,0.009736360720169169,0.0,2,3.711806804929906e-13,linear_damped,C3D8,35.59371939999983
block_block_c3d8,4,0.38,0.3794505569551426,0.00945055695499391,0.0,0,0.0,0.0,0.00945055695499391,0.0,2,3.648416814223239e-13,linear_damped,C3D8,35.59371939999983
block_block_c3d8,4,0.4,0.379165318818518,0.009165318818343225,0.0,0,0.0,0.0,0.009165318818343225,0.0,2,5.128874602882987e-13,linear_damped,C3D8,35.59371939999983
block_block_c3d8,4,0.42,0.3788806295923347,0.00888062959213276,0.0,0,0.0,0.0,0.00888062959213276,0.0,2,4.68536679166822e-13,linear_damped,C3D8,35.59371939999983
block_block_c3d8,4,0.44,0.37859647305263583,0.0085964730524054,0.0,0,0.0,0.0,0.0085964730524054,0.0,2,4.952372786867698e-13,linear_damped,C3D8,35.59371939999983
block_block_c3d8,4,0.46,0.37831283345499234,0.008312833454730557,0.0,0,0.0,0.0,0.008312833454730557,0.0,2,4.327227931446527e-13,linear_damped,C3D8,35.59371939999983
block_block_c3d8,4,0.48,0.3780296955203305,0.008029695520032683,0.0,0,0.0,0.0,0.008029695520032683,0.0,2,5.284295705091315e-13,linear_damped,C3D8,35.59371939999983
block_block_c3d8,4,0.5,0.37774704442117685,0.0077470444208376545,0.0,0,0.0,0.0,0.0077470444208376545,0.0,2,4.619678614612879e-13,linear_damped,C3D8,35.59371939999983
block_block_c3d8,4,0.52,0.37746486576830546,0.0074648657679164815,0.0,0,0.0,0.0,0.0074648657679164815,0.0,2,5.152544181307597e-13,linear_damped,C3D8,35.59371939999983
block_block_c3d8,4,0.54,0.3771831455977846,0.007183145597337809,0.0,0,0.0,0.0,0.007183145597337809,0.0,2,5.864324380512221e-13,linear_damped,C3D8,35.59371939999983
block_block_c3d8,4,0.56,0.37690187035841005,0.006901870357903319,0.0,0,0.0,0.0,0.006901870357903319,0.0,2,6.417315185181974e-13,linear_damped,C3D8,35.59371939999983
block_block_c3d8,4,0.58,0.3766210268995075,0.006621026898939647,0.0,0,0.0,0.0,0.006621026898939647,0.0,2,8.085690178209269e-13,linear_damped,C3D8,35.59371939999983
block_block_c3d8,4,0.6,0.37634060245909384,0.006340602458462068,0.0,0,0.0,0.0,0.006340602458462068,0.0,2,7.755631104803931e-13,linear_damped,C3D8,35.59371939999983
block_block_c3d8,4,0.62,0.376060584652385,0.0060605846516870645,0.0,0,0.0,0.0,0.0060605846516870645,0.0,2,7.290700308669587e-13,linear_damped,C3D8,35.59371939999983
block_block_c3d8,4,0.64,0.3757809614606489,0.005780961459880931,0.0,0,0.0,0.0,0.005780961459880931,0.0,2,7.474863986389902e-13,linear_damped,C3D8,35.59371939999983
block_block_c3d8,4,0.66,0.37550172122038983,0.005501721219548335,0.0,0,0.0,0.0,0.005501721219548335,0.0,2,8.707170592524264e-13,linear_damped,C3D8,35.59371939999983
block_block_c3d8,4,0.68,0.37522285261284805,0.005222852611934446,0.0,0,0.0,0.0,0.005222852611934446,0.0,2,7.26706915309746e-13,linear_damped,C3D8,35.59371939999983
block_block_c3d8,4,0.7000000000000001,0.3749443446538075,0.004944344652826505,0.0,0,0.0,0.0,0.004944344652826505,0.0,2,8.6850550062769e-13,linear_damped,C3D8,35.59371939999983
block_block_c3d8,4,0.72,0.3746661866837041,0.004666186682658382,0.0,0,0.0,0.0,0.004666186682658382,0.0,2,9.072103933555677e-13,linear_damped,C3D8,35.59371939999983
block_block_c3d8,4,0.74,0.3743883683580348,0.004388368356922854,0.0,0,0.0,0.0,0.004388368356922854,0.0,2,8.965296747231899e-13,linear_damped,C3D8,35.59371939999983
block_block_c3d8,4,0.76,0.37411087963804734,0.00411087963686317,0.0,0,0.0,0.0,0.00411087963686317,0.0,2,8.391051779131203e-13,linear_damped,C3D8,35.59371939999983
block_block_c3d8,4,0.78,0.37383371078169864,0.00383371078043446,0.0,0,0.0,0.0,0.00383371078043446,0.0,2,9.724044212780868e-13,linear_damped,C3D8,35.59371939999983
block_block_c3d8,4,0.8,0.3735568523348899,0.003556852333538359,0.0,0,0.0,0.0,0.003556852333538359,0.0,2,8.643419598441565e-13,linear_damped,C3D8,35.59371939999983
block_block_c3d8,4,0.8200000000000001,0.3732802951229567,0.003280295121513498,0.0,0,0.0,0.0,0.003280295121513498,0.0,2,8.921350658405375e-13,linear_damped,C3D8,35.59371939999983
block_block_c3d8,4,0.84,0.37300403024240636,0.00300403024087232,0.0,0,0.0,0.0,0.00300403024087232,0.0,2,1.0189678614649176e-12,linear_damped,C3D8,35.59371939999983
block_block_c3d8,4,0.86,0.37272804905290363,0.002728049051278317,0.0,0,0.0,0.0,0.002728049051278317,0.0,2,8.837414713464031e-13,linear_damped,C3D8,35.59371939999983
block_block_c3d8,4,0.88,0.37245234316949116,0.002452343167771048,0.0,0,0.0,0.0,0.002452343167771048,0.0,2,9.395391832754618e-13,linear_damped,C3D8,35.59371939999983
block_block_c3d8,4,0.9,0.37217690445504487,0.002176904453224768,0.0,0,0.0,0.0,0.002176904453224768,0.0,2,9.803287344378357e-13,linear_damped,C3D8,35.59371939999983
block_block_c3d8,4,0.92,0.3719017250129493,0.0019017250110214899,0.0,0,0.0,0.0,0.0019017250110214899,0.0,2,9.105419095600555e-13,linear_damped,C3D8,35.59371939999983
block_block_c3d8,4,0.9400000000000001,0.37162679717998065,0.0016267971779360024,0.0,0,0.0,0.0,0.0016267971779360024,0.0,2,9.129627154325392e-13,linear_damped,C3D8,35.59371939999983
block_block_c3d8,4,0.96,0.3713521135194132,0.0013521135172448492,0.0,0,0.0,0.0,0.0013521135172448492,0.0,2,8.523835285887101e-13,linear_damped,C3D8,35.59371939999983
block_block_c3d8,4,0.98,0.3710776668143302,0.0010776668120336095,0.0,0,0.0,0.0,0.0010776668120336095,0.0,2,9.722889203619527e-13,linear_damped,C3D8,35.59371939999983
block_block_c3d8,4,1.0,0.37080345006112087,0.0008034500586905813,0.0,0,0.0,0.0,0.0008034500586905813,0.0,2,9.186235816001709e-13,linear_damped,C3D8,35.59371939999983
block_block_c3d8,4,1.02,0.3705294564631762,0.0005294564606059139,0.0,0,0.0,0.0,0.0005294564606059139,0.0,2,8.301853137450498e-13,linear_damped,C3D8,35.59371939999983
block_block_c3d8,4,1.04,0.3702556794247739,0.0002556794220581688,0.0,0,0.0,0.0,0.0002556794220581688,0.0,2,5.985273523891018e-10,linear_damped,C3D8,35.59371939999983
block_block_c3d8,4,1.06,0.36999907233560725,-9.030293111937865e-07,9.030293111937865e-07,64,0.011185918463608627,5.005164665263032e-09,-9.030293111937865e-07,0.011185918463608627,3,9.285834917967548e-13,linear_damped,C3D8,35.59371939999983
block_block_c3d8,4,1.08,0.36998838656695565,-1.1305077898580897e-05,1.1305077898580897e-05,64,0.1400360331068774,7.844287197917681e-07,-1.1305077898580897e-05,0.1400360331068774,2,9.94811551542203e-13,linear_damped,C3D8,35.59371939999983
block_block_c3d8,4,1.1,0.370411483927939,0.0004114832587140965,0.0,0,0.0,0.0,0.0004114832587140965,0.0,2,1.0283956495015894e-12,linear_damped,C3D8,35.59371939999983
block_block_c3d8,4,1.12,0.371026508710409,0.0010265030778154756,0.0,0,0.0,0.0,0.0010265030778154756,0.0,2,8.930523202162197e-13,linear_damped,C3D8,35.59371939999983
block_block_c3d8,4,1.1400000000000001,0.3716154788107372,0.0016154767793155691,0.0,0,0.0,0.0,0.0016154767793155691,0.0,2,9.225700938142148e-13,linear_damped,C3D8,35.59371939999983
block_block_c3d8,4,1.16,0.3721791514078204,0.002179140162859808,0.0,0,0.0,0.0,0.002179140162859808,0.0,2,9.64309063493579e-13,linear_damped,C3D8,35.59371939999983
block_block_c3d8,4,1.18,0.37271829217199587,0.002718289058659696,0.0,0,0.0,0.0,0.002718289058659696,0.0,2,9.014282448884985e-13,linear_damped,C3D8,35.59371939999983
block_block_c3d8,4,1.2,0.3732336034375709,0.0032335870947337135,0.0,0,0.0,0.0,0.0032335870947337135,0.0,2,9.49623459015263e-13,linear_damped,C3D8,35.59371939999983
block_block_c3d8,4,1.22,0.3737258167148113,0.003725812968832897,0.0,0,0.0,0.0,0.003725812968832897,0.0,2,9.189279877307968e-13,linear_damped,C3D8,35.59371939999983
block_block_c3d8,4,1.24,0.37419558347114124,0.0041955627709486755,0.0,0,0.0,0.0,0.0041955627709486755,0.0,2,7.77787629317267e-13,linear_damped,C3D8,35.59371939999983
block_block_c3d8,4,1.26,0.37464360195991364,0.004643598167096704,0.0,0,0.0,0.0,0.004643598167096704,0.0,2,1.0571436850717245e-12,linear_damped,C3D8,35.59371939999983
block_block_c3d8,4,1.28,0.37507047711716557,0.0050704529860700134,0.0,0,0.0,0.0,0.0050704529860700134,0.0,2,8.083692255313384e-13,linear_damped,C3D8,35.59371939999983
block_block_c3d8,4,1.3,0.3754768742367378,0.005476871076737715,0.0,0,0.0,0.0,0.005476871076737715,0.0,2,7.094769008061323e-13,linear_damped,C3D8,35.59371939999983
block_block_c3d8,4,1.32,0.375863356314966,0.005863329815337444,0.0,0,0.0,0.0,0.005863329815337444,0.0,2,7.980018127141766e-13,linear_damped,C3D8,35.59371939999983
block_block_c3d8,4,1.34,0.37623055550956197,0.006230553705716875,0.0,0,0.0,0.0,0.006230553705716875,0.0,2,5.999677242772388e-13,linear_damped,C3D8,35.59371939999983
block_block_c3d8,4,1.36,0.3765789975994027,0.006578969872434169,0.0,0,0.0,0.0,0.006578969872434169,0.0,2,6.509813842051271e-13,linear_damped,C3D8,35.59371939999983
block_block_c3d8,4,1.3800000000000001,0.37690928110637584,0.006909281371288399,0.0,0,0.0,0.0,0.006909281371288399,0.0,2,4.4988664693635873e-13,linear_damped,C3D8,35.59371939999983
block_block_c3d8,4,1.4000000000000001,0.3772218993029355,0.007221871507700487,0.0,0,0.0,0.0,0.007221871507700487,0.0,2,4.625132428059951e-13,linear_damped,C3D8,35.59371939999983
block_block_c3d8,4,1.42,0.37751741641417674,0.007517419394571043,0.0,0,0.0,0.0,0.007517419394571043,0.0,2,4.686560046726699e-13,linear_damped,C3D8,35.59371939999983
block_block_c3d8,4,1.44,0.3777962977568916,0.007796271009008981,0.0,0,0.0,0.0,0.007796271009008981,0.0,2,4.760317619942287e-13,linear_damped,C3D8,35.59371939999983
block_block_c3d8,4,1.46,0.3780590726008066,0.0080590788252696,0.0,0,0.0,0.0,0.0080590788252696,0.0,2,4.461376886172345e-13,linear_damped,C3D8,35.59371939999983
block_block_c3d8,4,1.48,0.3783061825503593,0.008306157863693134,0.0,0,0.0,0.0,0.008306157863693134,0.0,2,4.19109289743673e-13,linear_damped,C3D8,35.59371939999983
block_block_c3d8,4,1.5,0.37853812142002813,0.008538131253095643,0.0,0,0.0,0.0,0.008538131253095643,0.0,2,5.889648917685774e-13,linear_damped,C3D8,35.59371939999983
block_block_c3d8,4,1.52,0.37875531090154835,0.008755289136246897,0.0,0,0.0,0.0,0.008755289136246897,0.0,2,3.8488580673641773e-13,linear_damped,C3D8,35.59371939999983
block_block_c3d8,4,1.54,0.3789582091532151,0.008958222758911656,0.0,0,0.0,0.0,0.008958222758911656,0.0,2,4.840821281352545e-13,linear_damped,C3D8,35.59371939999983
block_block_c3d8,4,1.56,0.3791472211932382,0.009147203012979157,0.0,0,0.0,0.0,0.009147203012979157,0.0,2,5.06269170326184e-13,linear_damped,C3D8,35.59371939999983
block_block_c3d8,4,1.58,0.37932276973805223,0.009322785274175944,0.0,0,0.0,0.0,0.009322785274175944,0.0,2,4.150021370278829e-13,linear_damped,C3D8,35.59371939999983
block_block_c3d8,4,1.6,0.3794852457208618,0.009485226566812869,0.0,0,0.0,0.0,0.009485226566812869,0.0,2,4.683155531747129e-13,linear_damped,C3D8,35.59371939999983
block_block_c3d8,4,1.62,0.37963503713177865,0.009635048522244035,0.0,0,0.0,0.0,0.009635048522244035,0.0,2,4.595815448052753e-13,linear_damped,C3D8,35.59371939999983
block_block_c3d8,4,1.6400000000000001,0.3797725226989389,0.009772500361755755,0.0,0,0.0,0.0,0.009772500361755755,0.0,2,3.850048668457189e-13,linear_damped,C3D8,35.59371939999983
block_block_c3d8,4,1.6600000000000001,0.3798980569537443,0.009898064099280514,0.0,0,0.0,0.0,0.009898064099280514,0.0,2,3.964710127323737e-13,linear_damped,C3D8,35.59371939999983
block_block_c3d8,4,1.68,0.3800120075687564,0.010011982686065683,0.0,0,0.0,0.0,0.010011982686065683,0.0,2,3.584764676126075e-13,linear_damped,C3D8,35.59371939999983
block_block_c3d8,4,1.7,0.3801146974495117,0.010114700532784852,0.0,0,0.0,0.0,0.010114700532784852,0.0,2,4.3518516659811697e-13,linear_damped,C3D8,35.59371939999983
block_block_c3d8,4,1.72,0.3802064836477903,0.01020645705453889,0.0,0,0.0,0.0,0.01020645705453889,0.0,2,3.6574876624035197e-13,linear_damped,C3D8,35.59371939999983
block_block_c3d8,4,1.74,0.3802876598162798,0.010287659248573434,0.0,0,0.0,0.0,0.010287659248573434,0.0,2,3.507084373866093e-13,linear_damped,C3D8,35.59371939999983
block_block_c3d8,4,1.76,0.38035857215886715,0.010358544847625287,0.0,0,0.0,0.0,0.010358544847625287,0.0,2,3.660928145877947e-13,linear_damped,C3D8,35.59371939999983
block_block_c3d8,4,1.78,0.38041948792710034,0.01041948431818795,0.0,0,0.0,0.0,0.01041948431818795,0.0,2,3.8750653275497783e-13,linear_damped,C3D8,35.59371939999983
block_block_c3d8,4,1.8,0.3804707416749548,0.010470714744973235,0.0,0,0.0,0.0,0.010470714744973235,0.0,2,3.643925711516592e-13,linear_damped,C3D8,35.59371939999983
block_block_c3d8,4,1.82,0.38051257748919,0.010512571606220222,0.0,0,0.0,0.0,0.010512571606220222,0.0,2,3.7451338429577526e-13,linear_damped,C3D8,35.59371939999983
block_block_c3d8,4,1.84,0.3805453170133356,0.010545291611194954,0.0,0,0.0,0.0,0.010545291611194954,0.0,2,3.504087865455971e-13,linear_damped,C3D8,35.59371939999983
block_block_c3d8,4,1.86,0.3805691846695246,0.010569177387413314,0.0,0,0.0,0.0,0.010569177387413314,0.0,2,3.034286474613773e-13,linear_damped,C3D8,35.59371939999983
block_block_c3d8,4,1.8800000000000001,0.38058448761101804,0.010584464866261417,0.0,0,0.0,0.0,0.010584464866261417,0.0,2,3.2976379965413417e-13,linear_damped,C3D8,35.59371939999983
block_block_c3d8,4,1.9000000000000001,0.3805914342189851,0.01059142646526517,0.0,0,0.0,0.0,0.01059142646526517,0.0,2,3.7197794341501096e-13,linear_damped,C3D8,35.59371939999983
block_block_c3d8,4,1.92,0.3805903154114106,0.010590296370918075,0.0,0,0.0,0.0,0.010590296370918075,0.0,2,3.5274034505953906e-13,linear_damped,C3D8,35.59371939999983
block_block_c3d8,4,1.94,0.38058132712434856,0.0105813198217296,0.0,0,0.0,0.0,0.0105813198217296,0.0,2,3.315656199066814e-13,linear_damped,C3D8,35.59371939999983
block_block_c3d8,4,1.96,0.3805647422905606,0.010564727855562516,0.0,0,0.0,0.0,0.010564727855562516,0.0,2,4.0252610332040004e-13,linear_damped,C3D8,35.59371939999983
block_block_c3d8,4,1.98,0.3805407478157841,0.010540741825783123,0.0,0,0.0,0.0,0.010540741825783123,0.0,2,2.7336092307938874e-13,linear_damped,C3D8,35.59371939999983
block_block_c3d8,4,2.0,0.38050959704979015,0.010509587919330314,0.0,0,0.0,0.0,0.010509587919330314,0.0,2,4.3876421266066554e-13,linear_damped,C3D8,35.59371939999983
block_block_c3d8,4,2.02,0.3804714709557336,0.010471467026684493,0.0,0,0.0,0.0,0.010471467026684493,0.0,2,3.5710344671215087e-13,linear_damped,C3D8,35.59371939999983
block_block_c3d8,4,2.04,0.38042660199988565,0.010426598624231342,0.0,0,0.0,0.0,0.010426598624231342,0.0,2,3.692517409345838e-13,linear_damped,C3D8,35.59371939999983
block_block_c3d8,4,2.06,0.38037516783351194,0.010375166555923968,0.0,0,0.0,0.0,0.010375166555923968,0.0,2,3.533640711898594e-13,linear_damped,C3D8,35.59371939999983
block_block_c3d8,4,2.08,0.3803173791607933,0.010317378002819245,0.0,0,0.0,0.0,0.010317378002819245,0.0,2,4.402523900789781e-13,linear_damped,C3D8,35.59371939999983
block_block_c3d8,4,2.1,0.3802534123885276,0.01025340679818449,0.0,0,0.0,0.0,0.01025340679818449,0.0,2,3.469248756700182e-13,linear_damped,C3D8,35.59371939999983
block_block_c3d8,4,2.12,0.3801834560992873,0.010183451756447012,0.0,0,0.0,0.0,0.010183451756447012,0.0,2,4.4303102492598053e-13,linear_damped,C3D8,35.59371939999983
block_block_c3d8,4,2.14,0.380107686883538,0.01010767568257144,0.0,0,0.0,0.0,0.01010767568257144,0.0,2,4.299020334080993e-13,linear_damped,C3D8,35.59371939999983
block_block_c3d8,4,2.16,0.38002627142591455,0.010026263828693085,0.0,0,0.0,0.0,0.010026263828693085,0.0,2,4.482355056066226e-13,linear_damped,C3D8,35.59371939999983
block_block_c3d8,4,2.18,0.37993938724814263,0.009939371019534314,0.0,0,0.0,0.0,0.009939371019534314,0.0,2,3.891149487284359e-13,linear_damped,C3D8,35.59371939999983
block_block_c3d8,4,2.2,0.3798471799712763,0.00984716927493605,0.0,0,0.0,0.0,0.00984716927493605,0.0,2,4.3861839418959407e-13,linear_damped,C3D8,35.59371939999983
block_block_c3d8,4,2.22,0.37974982811145475,0.009749807712124577,0.0,0,0.0,0.0,0.009749807712124577,0.0,2,4.782220730498335e-13,linear_damped,C3D8,35.59371939999983
block_block_c3d8,4,2.24,0.3796474576606029,0.009647444234610773,0.0,0,0.0,0.0,0.009647444234610773,0.0,2,4.3078086340188986e-13,linear_damped,C3D8,35.59371939999983
block_block_c3d8,4,2.2600000000000002,0.37954024754179116,0.009540224063183167,0.0,0,0.0,0.0,0.009540224063183167,0.0,2,5.308003047069222e-13,linear_damped,C3D8,35.59371939999983
block_block_c3d8,4,2.2800000000000002,0.37942830610446565,0.009428290509127234,0.0,0,0.0,0.0,0.009428290509127234,0.0,2,5.297513450055957e-13,linear_damped,C3D8,35.59371939999983
block_block_c3d8,4,2.3000000000000003,0.37931181151015836,0.009311786224856783,0.0,0,0.0,0.0,0.009311786224856783,0.0,2,4.4753090354112186e-13,linear_damped,C3D8,35.59371939999983
block_block_c3d8,4,2.32,0.3791908569224246,0.009190839874209595,0.0,0,0.0,0.0,0.009190839874209595,0.0,2,4.791994269886468e-13,linear_damped,C3D8,35.59371939999983
block_block_c3d8,4,2.34,0.3790656180933351,0.009065592390473273,0.0,0,0.0,0.0,0.009065592390473273,0.0,2,4.4771025204948074e-13,linear_damped,C3D8,35.59371939999983
block_block_c3d8,4,2.36,0.37893617581542244,0.008936158143107562,0.0,0,0.0,0.0,0.008936158143107562,0.0,2,5.11983266224632e-13,linear_damped,C3D8,35.59371939999983
block_block_c3d8,4,2.38,0.3788027014314984,0.008802676744409658,0.0,0,0.0,0.0,0.008802676744409658,0.0,2,4.50864396371432e-13,linear_damped,C3D8,35.59371939999983
block_block_c3d8,4,2.4,0.37866526640181586,0.008665248996160455,0.0,0,0.0,0.0,0.008665248996160455,0.0,2,3.831950284936172e-13,linear_damped,C3D8,35.59371939999983
block_block_c3d8,4,2.42,0.37852403545448243,0.00852401318453309,0.0,0,0.0,0.0,0.00852401318453309,0.0,2,4.961831152924369e-13,linear_damped,C3D8,35.59371939999983
block_block_c3d8,4,2.44,0.3783790738309362,0.008379057590928253,0.0,0,0.0,0.0,0.008379057590928253,0.0,2,5.460477585046268e-13,linear_damped,C3D8,35.59371939999983
block_block_c3d8,4,2.46,0.37823053738994744,0.008230518830744908,0.0,0,0.0,0.0,0.008230518830744908,0.0,2,5.43952632815568e-13,linear_damped,C3D8,35.59371939999983
block_block_c3d8,4,2.48,0.37807848818729733,0.008078473966128874,0.0,0,0.0,0.0,0.008078473966128874,0.0,2,5.101176235366684e-13,linear_damped,C3D8,35.59371939999983
block_block_c3d8,4,2.5,0.3779230710661509,0.007923057332358718,0.0,0,0.0,0.0,0.007923057332358718,0.0,2,5.245814487620202e-13,linear_damped,C3D8,35.59371939999983
block_block_c3d8,4,2.52,0.3777643476977138,0.0077643362517715656,0.0,0,0.0,0.0,0.0077643362517715656,0.0,2,6.048122013096152e-13,linear_damped,C3D8,35.59371939999983
block_block_c3d8,4,2.54,0.37760245002119885,0.007602441985979105,0.0,0,0.0,0.0,0.007602441985979105,0.0,2,5.105674782785556e-13,linear_damped,C3D8,35.59371939999983
block_block_c3d8,4,2.56,0.37743744175276134,0.007437433696635234,0.0,0,0.0,0.0,0.007437433696635234,0.0,2,4.491980704416834e-13,linear_damped,C3D8,35.59371939999983
block_block_c3d8,4,2.58,0.37726944043009886,0.007269438674755185,0.0,0,0.0,0.0,0.007269438674755185,0.0,2,5.48261372002304e-13,linear_damped,C3D8,35.59371939999983
block_block_c3d8,4,2.6,0.37709851375332504,0.007098509523509324,0.0,0,0.0,0.0,0.007098509523509324,0.0,2,5.34003441349825e-13,linear_damped,C3D8,35.59371939999983
block_block_c3d8,4,2.62,0.3769247638603351,0.006924764971819627,0.0,0,0.0,0.0,0.006924764971819627,0.0,2,7.552955974535881e-13,linear_damped,C3D8,35.59371939999983
block_block_c3d8,4,2.64,0.37674826379229326,0.006748255627866416,0.0,0,0.0,0.0,0.006748255627866416,0.0,2,6.687048949838673e-13,linear_damped,C3D8,35.59371939999983
block_block_c3d8,4,2.66,0.37656909986611314,0.006569096875349545,0.0,0,0.0,0.0,0.006569096875349545,0.0,2,6.576208073707519e-13,linear_damped,C3D8,35.59371939999983
block_block_c3d8,4,2.68,0.3763873511808054,0.006387336747741665,0.0,0,0.0,0.0,0.006387336747741665,0.0,2,6.103550879579012e-13,linear_damped,C3D8,35.59371939999983
block_block_c3d8,4,2.7,0.3762030884309445,0.006203081431476352,0.0,0,0.0,0.0,0.006203081431476352,0.0,2,6.812585455882932e-13,linear_damped,C3D8,35.59371939999983
block_block_c3d8,4,2.72,0.3760163968279074,0.006016376728212201,0.0,0,0.0,0.0,0.006016376728212201,0.0,2,7.106569517400763e-13,linear_damped,C3D8,35.59371939999983
block_block_c3d8,4,2.74,0.3758273322675616,0.005827321565078548,0.0,0,0.0,0.0,0.005827321565078548,0.0,2,8.053411164470822e-13,linear_damped,C3D8,35.59371939999983
block_block_c3d8,4,2.7600000000000002,0.37563598548178306,0.005635960627066696,0.0,0,0.0,0.0,0.005635960627066696,0.0,2,7.298453386904425e-13,linear_damped,C3D8,35.59371939999983
block_block_c3d8,4,2.7800000000000002,0.3754423989837908,0.005442385077119776,0.0,0,0.0,0.0,0.005442385077119776,0.0,2,8.8456906067133e-13,linear_damped,C3D8,35.59371939999983
block_block_c3d8,4,2.8000000000000003,0.37524666784046706,0.00524663940720428,0.0,0,0.0,0.0,0.00524663940720428,0.0,2,7.880125327767341e-13,linear_damped,C3D8,35.59371939999983
block_block_c3d8,4,2.82,0.3750488231225088,0.005048806673163931,0.0,0,0.0,0.0,0.005048806673163931,0.0,2,7.985983338659621e-13,linear_damped,C3D8,35.59371939999983
block_block_c3d8,4,2.84,0.37484896253929434,0.004848931909590565,0.0,0,0.0,0.0,0.004848931909590565,0.0,2,8.489069226380434e-13,linear_damped,C3D8,35.59371939999983
block_block_c3d8,4,2.86,0.37464710808319,0.0046470898753698895,0.0,0,0.0,0.0,0.0046470898753698895,0.0,2,9.014309558795084e-13,linear_damped,C3D8,35.59371939999983
block_block_c3d8,4,2.88,0.3744433580219906,0.004443326712996119,0.0,0,0.0,0.0,0.004443326712996119,0.0,2,8.066238427711332e-13,linear_damped,C3D8,35.59371939999983
block_block_c3d8,4,2.9,0.3742377279322647,0.004237708825673759,0.0,0,0.0,0.0,0.004237708825673759,0.0,2,8.830027215382189e-13,linear_damped,C3D8,35.59371939999983
block_block_c3d8,4,2.92,0.37403031430206835,0.00403028388782336,0.0,0,0.0,0.0,0.00403028388782336,0.0,2,8.40559140530914e-13,linear_damped,C3D8,35.59371939999983
block_block_c3d8,4,2.94,0.37382112910897114,0.0038211099874177856,0.0,0,0.0,0.0,0.0038211099874177856,0.0,2,9.399896312794181e-13,linear_damped,C3D8,35.59371939999983
block_block_c3d8,4,2.96,0.37361026462059227,0.003610236650516723,0.0,0,0.0,0.0,0.003610236650516723,0.0,2,9.094262370670768e-13,linear_damped,C3D8,35.59371939999983
block_block_c3d8,4,2.98,0.37339773203281906,0.0033977137516441286,0.0,0,0.0,0.0,0.0033977137516441286,0.0,2,9.078064213772181e-13,linear_damped,C3D8,35.59371939999983
block_block_c3d8,4,3.0,0.37318361700633523,0.003183592924765938,0.0,0,0.0,0.0,0.003183592924765938,0.0,0,0.0,linear_damped,C3D8,35.59371939999983
